timestamp,value,anomaly_score_N,anomaly_score,label,S(t)_reward_low_FP_rate,S(t)_reward_low_FN_rate,S(t)_standard
2015-09-08 11:39:00,73,0.0301029996659,0.0301029996659,0,-0.22,-0.11,-0.11
2015-09-08 11:44:00,62,0.0301029996659,0.0301029996659,0,-0.22,-0.11,-0.11
2015-09-08 11:59:00,66,0.0301029996659,0.0301029996659,0,-0.22,-0.11,-0.11
2015-09-08 12:19:00,69,0.0301029996659,0.0301029996659,0,-0.22,-0.11,-0.11
2015-09-08 12:24:00,65,0.0301029996659,0.0301029996659,0,-0.22,-0.11,-0.11
2015-09-08 12:27:00,76,1.0,0.0301029996659,0,-0.22,-0.11,-0.11
2015-09-08 12:32:00,65,0.0301029996659,0.0301029996659,0,-0.22,-0.11,-0.11
2015-09-08 12:46:00,62,0.0301029996659,0.0301029996659,0,-0.22,-0.11,-0.11
2015-09-08 12:51:00,61,1.0,1.0,0,-0.22,-0.11,-0.11
2015-09-08 13:01:00,65,0.0301029996659,0.0301029996659,0,-0.22,-0.11,-0.11
2015-09-08 13:21:00,68,0.0301029996659,1.0,0,-0.22,-0.11,-0.11
2015-09-08 13:26:00,66,0.0301029996659,0.0301029996659,0,-0.22,-0.11,-0.11
2015-09-08 13:31:00,67,0.0301029996659,0.0301029996659,0,-0.22,-0.11,-0.11
2015-09-08 13:36:00,65,0.0301029996659,0.0301029996659,0,-0.22,-0.11,-0.11
2015-09-08 13:41:00,67,0.0301029996659,0.0301029996659,0,-0.22,-0.11,-0.11
2015-09-08 13:46:00,67,0.0301029996659,0.0301029996659,0,-0.22,-0.11,-0.11
2015-09-08 13:56:00,69,0.0301029996659,0.0301029996659,0,-0.22,-0.11,-0.11
2015-09-08 14:11:00,68,0.0301029996659,0.0301029996659,0,-0.22,-0.11,-0.11
2015-09-08 14:16:00,68,0.0301029996659,0.0301029996659,0,-0.22,-0.11,-0.11
2015-09-08 14:21:00,67,0.0301029996659,0.0301029996659,0,-0.22,-0.11,-0.11
2015-09-08 14:46:00,66,0.0301029996659,0.0301029996659,0,-0.22,-0.11,-0.11
2015-09-08 14:51:00,68,0.0301029996659,0.0301029996659,0,-0.22,-0.11,-0.11
2015-09-08 15:16:00,69,0.0301029996659,0.0301029996659,0,-0.22,-0.11,-0.11
2015-09-08 15:21:00,65,0.0301029996659,0.0301029996659,0,-0.22,-0.11,-0.11
2015-09-08 15:26:00,70,0.0301029996659,0.0301029996659,0,-0.22,-0.11,-0.11
2015-09-08 15:29:00,66,0.0301029996659,0.0301029996659,0,-0.22,-0.11,-0.11
2015-09-08 15:41:00,65,0.0301029996659,0.0301029996659,0,-0.22,-0.11,-0.11
2015-09-08 16:15:00,64,0.0301029996659,0.0301029996659,0,-0.22,-0.11,-0.11
2015-09-08 16:31:00,66,0.0301029996659,0.0301029996659,0,-0.22,-0.11,-0.11
2015-09-08 16:36:00,69,0.0301029996659,0.0301029996659,0,-0.22,-0.11,-0.11
2015-09-08 16:41:00,64,0.0301029996659,0.0301029996659,0,-0.22,-0.11,-0.11
2015-09-08 16:56:00,69,0.0301029996659,0.0301029996659,0,-0.22,-0.11,-0.11
2015-09-08 17:11:00,65,0.0301029996659,0.0301029996659,0,-0.22,-0.11,-0.11
2015-09-08 17:16:00,68,0.0301029996659,0.0301029996659,0,-0.22,-0.11,-0.11
2015-09-08 17:21:00,67,0.0301029996659,0.0301029996659,0,-0.22,-0.11,-0.11
2015-09-08 17:26:00,69,0.0301029996659,0.0301029996659,0,-0.22,-0.11,-0.11
2015-09-08 17:31:00,66,0.0301029996659,0.0301029996659,0,-0.22,-0.11,-0.11
2015-09-08 17:36:00,69,0.0301029996659,0.0301029996659,0,-0.22,-0.11,-0.11
2015-09-08 17:41:00,66,0.0301029996659,0.0301029996659,0,-0.22,-0.11,-0.11
2015-09-08 17:46:00,65,0.0301029996659,0.0301029996659,0,-0.22,-0.11,-0.11
2015-09-08 17:51:00,66,0.0301029996659,0.0301029996659,0,-0.22,-0.11,-0.11
2015-09-08 17:56:00,65,0.0301029996659,0.0301029996659,0,-0.22,-0.11,-0.11
2015-09-08 17:57:00,64,0.0301029996659,0.0301029996659,0,-0.22,-0.11,-0.11
2015-09-08 18:36:00,70,0.0301029996659,0.0301029996659,0,-0.22,-0.11,-0.11
2015-09-08 18:46:00,69,0.0301029996659,0.0301029996659,0,-0.22,-0.11,-0.11
2015-09-08 18:51:00,66,0.0301029996659,0.0301029996659,0,-0.22,-0.11,-0.11
2015-09-08 18:56:00,68,0.0301029996659,0.0301029996659,0,-0.22,-0.11,-0.11
2015-09-08 19:06:00,71,0.0301029996659,0.0301029996659,0,-0.22,-0.11,-0.11
2015-09-08 20:11:00,63,0.0301029996659,0.0301029996659,0,-0.22,-0.11,-0.11
2015-09-08 20:31:00,67,0.0301029996659,0.0301029996659,0,-0.22,-0.11,-0.11
2015-09-08 20:41:00,62,0.0301029996659,0.0301029996659,0,-0.22,-0.11,-0.11
2015-09-08 20:51:00,64,0.0301029996659,0.0301029996659,0,-0.22,-0.11,-0.11
2015-09-08 21:01:00,59,1.0,0.0301029996659,0,-0.22,-0.11,-0.11
2015-09-08 21:06:00,65,0.0301029996659,0.0301029996659,0,-0.22,-0.11,-0.11
2015-09-08 21:31:00,58,1.0,1.0,0,-0.22,-0.11,-0.11
2015-09-08 21:41:00,64,0.0301029996659,0.0301029996659,0,-0.22,-0.11,-0.11
2015-09-08 22:31:00,63,0.0301029996659,1.0,0,-0.22,-0.11,-0.11
2015-09-08 22:41:00,66,0.0301029996659,0.0301029996659,0,-0.22,-0.11,-0.11
2015-09-08 23:16:00,66,0.0301029996659,0.0301029996659,0,-0.22,-0.11,-0.11
2015-09-08 23:31:00,60,0.0301029996659,1.0,0,-0.22,-0.11,-0.11
2015-09-09 00:06:00,57,1.0,0.0301029996659,0,-0.22,-0.11,-0.11
2015-09-09 01:16:00,58,0.0301029996659,1.0,0,-0.22,-0.11,-0.11
2015-09-09 07:34:00,69,0.0301029996659,0.0301029996659,0,-0.22,-0.11,-0.11
2015-09-09 09:20:00,70,0.0301029996659,0.0301029996659,0,-0.22,-0.11,-0.11
2015-09-09 09:58:00,66,0.0301029996659,0.0301029996659,0,-0.22,-0.11,-0.11
2015-09-09 10:23:00,68,0.0301029996659,0.0301029996659,0,-0.22,-0.11,-0.11
2015-09-09 10:33:00,65,0.0301029996659,0.0301029996659,0,-0.22,-0.11,-0.11
2015-09-09 10:38:00,68,0.0301029996659,0.0301029996659,0,-0.22,-0.11,-0.11
2015-09-09 10:43:00,68,0.0301029996659,0.0301029996659,0,-0.22,-0.11,-0.11
2015-09-09 10:48:00,70,0.0301029996659,0.0301029996659,0,-0.22,-0.11,-0.11
2015-09-09 10:53:00,67,0.0301029996659,0.0301029996659,0,-0.22,-0.11,-0.11
2015-09-09 11:03:00,73,0.0301029996659,0.0301029996659,0,-0.22,-0.11,-0.11
2015-09-09 11:08:00,77,1.0,0.0301029996659,0,-0.22,-0.11,-0.11
2015-09-09 11:13:00,75,0.0301029996659,0.0301029996659,0,-0.22,-0.11,-0.11
2015-09-09 11:18:00,71,0.0301029996659,0.0301029996659,0,-0.22,-0.11,-0.11
2015-09-09 11:23:00,73,0.0301029996659,0.0301029996659,0,-0.22,-0.11,-0.11
2015-09-09 11:43:00,68,0.0301029996659,0.0301029996659,0,-0.22,-0.11,-0.11
2015-09-09 11:48:00,58,0.0301029996659,0.0301029996659,0,-0.22,-0.11,-0.11
2015-09-09 12:03:00,65,0.0301029996659,0.0301029996659,0,-0.22,-0.11,-0.11
2015-09-09 12:13:00,65,0.0301029996659,0.0301029996659,0,-0.22,-0.11,-0.11
2015-09-09 12:33:00,65,0.0301029996659,0.0301029996659,0,-0.22,-0.11,-0.11
2015-09-09 12:48:00,66,0.0301029996659,0.0301029996659,0,-0.22,-0.11,-0.11
2015-09-09 13:08:00,74,0.0301029996659,0.0301029996659,0,-0.22,-0.11,-0.11
2015-09-09 13:33:00,64,0.0301029996659,0.0301029996659,0,-0.22,-0.11,-0.11
2015-09-09 13:38:00,68,0.0301029996659,0.0301029996659,0,-0.22,-0.11,-0.11
2015-09-09 13:43:00,65,0.0301029996659,0.0301029996659,0,-0.22,-0.11,-0.11
2015-09-09 13:48:00,69,0.0301029996659,0.0301029996659,0,-0.22,-0.11,-0.11
2015-09-09 13:53:00,70,0.0301029996659,0.0301029996659,0,-0.22,-0.11,-0.11
2015-09-09 13:58:00,64,0.0301029996659,0.0301029996659,0,-0.22,-0.11,-0.11
2015-09-09 14:08:00,65,0.0301029996659,0.0301029996659,0,-0.22,-0.11,-0.11
2015-09-09 14:13:00,67,0.0301029996659,0.0301029996659,0,-0.22,-0.11,-0.11
2015-09-09 14:38:00,68,0.0301029996659,0.0301029996659,0,-0.22,-0.11,-0.11
2015-09-09 14:48:00,66,0.0301029996659,0.0301029996659,0,-0.22,-0.11,-0.11
2015-09-09 14:53:00,63,0.0301029996659,0.0301029996659,0,-0.22,-0.11,-0.11
2015-09-09 15:03:00,68,0.0301029996659,0.0301029996659,0,-0.22,-0.11,-0.11
2015-09-09 15:08:00,68,0.0301029996659,0.0301029996659,0,-0.22,-0.11,-0.11
2015-09-09 15:13:00,73,0.0301029996659,0.0301029996659,0,-0.22,-0.11,-0.11
2015-09-09 15:18:00,79,1.0,0.0301029996659,0,-0.22,-0.11,-0.11
2015-09-09 15:23:00,64,0.0301029996659,0.0301029996659,0,-0.22,-0.11,-0.11
2015-09-09 15:28:00,67,0.0301029996659,0.0301029996659,0,-0.22,-0.11,-0.11
2015-09-09 15:38:00,62,0.0301029996659,0.0301029996659,0,-0.22,-0.11,-0.11
2015-09-09 15:43:00,68,0.0301029996659,0.0301029996659,0,-0.22,-0.11,-0.11
2015-09-09 15:48:00,70,0.0301029996659,0.0301029996659,0,-0.22,-0.11,-0.11
2015-09-09 16:08:00,67,0.0301029996659,0.0301029996659,0,-0.22,-0.11,-0.11
2015-09-09 16:13:00,70,0.0301029996659,0.0301029996659,0,-0.22,-0.11,-0.11
2015-09-09 16:23:00,65,0.0301029996659,0.0301029996659,0,-0.22,-0.11,-0.11
2015-09-09 16:33:00,67,0.0301029996659,0.0301029996659,0,-0.22,-0.11,-0.11
2015-09-09 16:43:00,71,0.0301029996659,0.0301029996659,0,-0.22,-0.11,-0.11
2015-09-09 16:48:00,69,0.0301029996659,0.0301029996659,0,-0.22,-0.11,-0.11
2015-09-09 16:53:00,64,0.0301029996659,0.0301029996659,0,-0.22,-0.11,-0.11
2015-09-09 16:58:00,63,0.0301029996659,0.0301029996659,0,-0.22,-0.11,-0.11
2015-09-09 17:03:00,62,0.0301029996659,0.0301029996659,0,-0.22,-0.11,-0.11
2015-09-09 17:08:00,55,1.0,0.0301029996659,0,-0.22,-0.11,-0.11
2015-09-09 17:13:00,48,1.0,0.0301029996659,0,-0.22,-0.11,-0.11
2015-09-09 17:18:00,56,0.0301029996659,0.0301029996659,0,-0.22,-0.11,-0.11
2015-09-09 17:23:00,51,0.0301029996659,1.0,0,-0.22,-0.11,-0.11
2015-09-09 17:28:00,60,0.0301029996659,1.0,0,-0.22,-0.11,-0.11
2015-09-09 17:33:00,43,1.0,1.0,0,-0.22,-0.11,-0.11
2015-09-09 17:38:00,62,0.0301029996659,1.0,0,-0.22,-0.11,-0.11
2015-09-09 17:43:00,70,0.0301029996659,0.0301029996659,0,-0.22,-0.11,-0.11
2015-09-09 17:48:00,65,0.0301029996659,0.0301029996659,0,-0.22,-0.11,-0.11
2015-09-09 17:58:00,70,0.0301029996659,0.0301029996659,0,-0.22,-0.11,-0.11
2015-09-09 18:03:00,67,0.0301029996659,0.0301029996659,0,-0.22,-0.11,-0.11
2015-09-09 18:13:00,70,0.0301029996659,0.0301029996659,0,-0.22,-0.11,-0.11
2015-09-09 18:18:00,67,0.0301029996659,0.0301029996659,0,-0.22,-0.11,-0.11
2015-09-09 18:23:00,69,0.0301029996659,0.0301029996659,0,-0.22,-0.11,-0.11
2015-09-09 18:28:00,69,0.0301029996659,0.0301029996659,0,-0.22,-0.11,-0.11
2015-09-09 18:38:00,68,0.0301029996659,0.0301029996659,0,-0.22,-0.11,-0.11
2015-09-09 18:43:00,67,0.0301029996659,0.0301029996659,0,-0.22,-0.11,-0.11
2015-09-09 19:03:00,66,0.0301029996659,0.0301029996659,0,-0.22,-0.11,-0.11
2015-09-09 19:38:00,63,0.0301029996659,0.0301029996659,0,-0.22,-0.11,-0.11
2015-09-09 19:48:00,68,0.0301029996659,0.0301029996659,0,-0.22,-0.11,-0.11
2015-09-09 20:03:00,68,0.0301029996659,0.0301029996659,0,-0.22,-0.11,-0.11
2015-09-09 20:13:00,65,0.0301029996659,0.0301029996659,0,-0.22,-0.11,-0.11
2015-09-09 20:18:00,60,0.0301029996659,0.0301029996659,0,-0.22,-0.11,-0.11
2015-09-09 20:23:00,65,0.0301029996659,0.0301029996659,0,-0.22,-0.11,-0.11
2015-09-09 20:38:00,64,0.0301029996659,0.0301029996659,0,-0.22,-0.11,-0.11
2015-09-09 20:58:00,57,0.0301029996659,0.0301029996659,0,-0.22,-0.11,-0.11
2015-09-09 21:13:00,57,0.0301029996659,0.0301029996659,0,-0.22,-0.11,-0.11
2015-09-09 21:28:00,62,0.0301029996659,0.0301029996659,0,-0.22,-0.11,-0.11
2015-09-09 21:33:00,55,0.0301029996659,0.0301029996659,0,-0.22,-0.11,-0.11
2015-09-09 21:48:00,61,0.0301029996659,0.0301029996659,0,-0.22,-0.11,-0.11
2015-09-09 21:53:00,61,0.0301029996659,0.0301029996659,0,-0.22,-0.11,-0.11
2015-09-09 22:33:00,58,0.0301029996659,0.0301029996659,0,-0.22,-0.11,-0.11
2015-09-09 22:41:00,65,0.0301029996659,0.0301029996659,0,-0.22,-0.11,-0.11
2015-09-09 23:38:00,65,0.0301029996659,0.0301029996659,0,-0.22,-0.11,-0.11
2015-09-09 23:53:00,62,0.0301029996659,0.0301029996659,0,-0.22,-0.11,-0.11
2015-09-10 05:33:00,68,0.0301029996659,0.0301029996659,0,-0.22,-0.11,-0.11
2015-09-10 05:45:00,61,0.0301029996659,0.0301029996659,0,-0.22,-0.11,-0.11
2015-09-10 08:00:00,62,0.0301029996659,0.0301029996659,0,-0.22,-0.11,-0.11
2015-09-10 08:18:00,73,0.0301029996659,0.0301029996659,0,-0.22,-0.11,-0.11
2015-09-10 08:33:00,70,0.0301029996659,0.0301029996659,0,-0.22,-0.11,-0.11
2015-09-10 08:43:00,65,0.0301029996659,0.0301029996659,0,-0.22,-0.11,-0.11
2015-09-10 08:53:00,65,0.0301029996659,0.0301029996659,0,-0.22,-0.11,-0.11
2015-09-10 09:13:00,61,0.0301029996659,0.0301029996659,0,-0.22,-0.11,-0.11
2015-09-10 09:23:00,64,0.0301029996659,0.0301029996659,0,-0.22,-0.11,-0.11
2015-09-10 09:28:00,62,0.0301029996659,0.0301029996659,0,-0.22,-0.11,-0.11
2015-09-10 09:48:00,75,0.0301029996659,0.0301029996659,0,-0.22,-0.11,-0.11
2015-09-10 09:52:00,66,0.0301029996659,0.0301029996659,0,-0.22,-0.11,-0.11
2015-09-10 10:02:00,71,0.0301029996659,0.0301029996659,0,-0.22,-0.11,-0.11
2015-09-10 10:07:00,66,0.0301029996659,0.0301029996659,0,-0.22,-0.11,-0.11
2015-09-10 10:22:00,67,0.0301029996659,0.0301029996659,0,-0.22,-0.11,-0.11
2015-09-10 10:27:00,65,0.0301029996659,0.0301029996659,0,-0.22,-0.11,-0.11
2015-09-10 10:32:00,67,0.0301029996659,0.0301029996659,0,-0.22,-0.11,-0.11
2015-09-10 10:42:00,67,0.0301029996659,0.0301029996659,0,-0.22,-0.11,-0.11
2015-09-10 10:47:00,65,0.0301029996659,0.0301029996659,0,-0.22,-0.11,-0.11
2015-09-10 10:52:00,68,0.0301029996659,0.0301029996659,0,-0.22,-0.11,-0.11
2015-09-10 11:27:00,64,0.0301029996659,0.0301029996659,0,-0.22,-0.11,-0.11
2015-09-10 11:37:00,72,0.0301029996659,0.0301029996659,0,-0.22,-0.11,-0.11
2015-09-10 11:42:00,62,0.0729014179128,0.0421281705724,0,-0.22,-0.11,-0.11
2015-09-10 11:47:00,72,0.0673644103963,0.0401447180644,0,-0.22,-0.11,-0.11
2015-09-10 11:52:00,72,0.0647005924211,0.0363691643852,0,-0.22,-0.11,-0.11
2015-09-10 11:57:00,68,0.0673644103963,0.0328431702649,0,-0.22,-0.11,-0.11
2015-09-10 12:07:00,64,0.0673644103963,0.0306531521709,0,-0.22,-0.11,-0.11
2015-09-10 12:12:00,63,0.0673644103963,0.0340185365571,0,-0.22,-0.11,-0.11
2015-09-10 12:37:00,65,0.0647005924211,0.0376289052691,0,-0.22,-0.11,-0.11
2015-09-10 12:42:00,72,0.0673644103963,0.0414911412704,0,-0.22,-0.11,-0.11
2015-09-10 12:57:00,67,0.0700978397061,0.0456117691292,0,-0.22,-0.11,-0.11
2015-09-10 13:07:00,66,0.0729014179128,0.0499969624099,0,-0.22,-0.11,-0.11
2015-09-10 13:17:00,71,0.0729014179128,0.0546525533013,0,-0.22,-0.11,-0.11
2015-09-10 13:32:00,71,0.0787210912182,0.0570834798323,0,-0.22,-0.11,-0.11
2015-09-10 13:42:00,67,0.0817381826394,0.0570834798323,0,-0.22,-0.11,-0.11
2015-09-10 13:47:00,68,0.0817381826394,0.0570834798323,0,-0.22,-0.11,-0.11
2015-09-10 14:02:00,65,0.0787210912182,0.0570834798323,0,-0.22,-0.11,-0.11
2015-09-10 14:07:00,70,0.0787210912182,0.0546525533013,0,-0.22,-0.11,-0.11
2015-09-10 14:17:00,71,0.0817381826394,0.0546525533013,0,-0.22,-0.11,-0.11
2015-09-10 14:32:00,65,0.0817381826394,0.0546525533013,0,-0.22,-0.11,-0.11
2015-09-10 14:37:00,69,0.0817381826394,0.0546525533013,0,-0.22,-0.11,-0.11
2015-09-10 14:42:00,69,0.0817381826394,0.0546525533013,0,-0.22,-0.11,-0.11
2015-09-10 14:47:00,69,0.0817381826394,0.0546525533013,0,-0.22,-0.11,-0.11
2015-09-10 14:57:00,69,0.0817381826394,0.0546525533013,0,-0.22,-0.11,-0.11
2015-09-10 15:02:00,71,0.0817381826394,0.0546525533013,0,-0.22,-0.11,-0.11
2015-09-10 15:07:00,64,0.0817381826394,0.0546525533013,0,-0.22,-0.11,-0.11
2015-09-10 15:12:00,64,0.0848274164314,0.0546525533013,0,-0.22,-0.11,-0.11
2015-09-10 15:17:00,66,0.0848274164314,0.0570834798323,0,-0.22,-0.11,-0.11
2015-09-10 15:22:00,76,0.0848274164314,0.0570834798323,0,-0.22,-0.11,-0.11
2015-09-10 15:27:00,64,0.0848274164314,0.0570834798323,0,-0.22,-0.11,-0.11
2015-09-10 15:32:00,67,0.0848274164314,0.0570834798323,0,-0.22,-0.11,-0.11
2015-09-10 15:37:00,64,0.0848274164314,0.0570834798323,0,-0.22,-0.11,-0.11
2015-09-10 15:42:00,70,0.0848274164314,0.0570834798323,0,-0.22,-0.11,-0.11
2015-09-10 15:47:00,70,0.0705498393002,0.0574822611981,0,-0.22,-0.11,-0.11
2015-09-10 15:52:00,68,0.0705498393002,0.0574822611981,0,-0.22,-0.11,-0.11
2015-09-10 15:57:00,69,0.0705498393002,0.0574822611981,0,-0.22,-0.11,-0.11
2015-09-10 16:02:00,68,0.0705498393002,0.0574822611981,0,-0.22,-0.11,-0.11
2015-09-10 16:12:00,68,0.0705498393002,0.0574822611981,0,-0.22,-0.11,-0.11
2015-09-10 16:17:00,69,0.0705498393002,0.0574822611981,0,-0.22,-0.11,-0.11
2015-09-10 16:22:00,63,0.0676838632364,0.0574822611981,0,-0.22,-0.11,-0.11
2015-09-10 16:27:00,67,0.0676838632364,0.0574822611981,0,-0.22,-0.11,-0.11
2015-09-10 16:32:00,66,0.0676838632364,0.0574822611981,0,-0.22,-0.11,-0.11
2015-09-10 16:37:00,68,0.0676838632364,0.0574822611981,0,-0.22,-0.11,-0.11
2015-09-10 16:42:00,66,0.0676838632364,0.0574822611981,0,-0.22,-0.11,-0.11
2015-09-10 16:47:00,67,0.0676838632364,0.0574822611981,0,-0.22,-0.11,-0.11
2015-09-10 16:52:00,67,0.0676838632364,0.0574822611981,0,-0.22,-0.11,-0.11
2015-09-10 16:57:00,68,0.0676838632364,0.0574822611981,0,-0.22,-0.11,-0.11
2015-09-10 17:02:00,64,0.0676838632364,0.0574822611981,0,-0.22,-0.11,-0.11
2015-09-10 17:07:00,67,0.0676838632364,0.0574822611981,0,-0.22,-0.11,-0.11
2015-09-10 17:12:00,62,0.0705498393002,0.0574822611981,0,-0.22,-0.11,-0.11
2015-09-10 17:17:00,67,0.0705498393002,0.0574822611981,0,-0.22,-0.11,-0.11
2015-09-10 17:22:00,66,0.0705498393002,0.0574822611981,0,-0.22,-0.11,-0.11
2015-09-10 17:32:00,66,0.0705498393002,0.0574822611981,0,-0.22,-0.11,-0.11
2015-09-10 17:37:00,67,0.0705498393002,0.0574822611981,0,-0.22,-0.11,-0.11
2015-09-10 17:42:00,62,0.0676838632364,0.0574822611981,0,-0.22,-0.11,-0.11
2015-09-10 17:47:00,63,0.0648939358991,0.0574822611981,0,-0.22,-0.11,-0.11
2015-09-10 17:52:00,66,0.0621794273045,0.0574822611981,0,-0.22,-0.11,-0.11
2015-09-10 18:07:00,69,0.0621794273045,0.0574822611981,0,-0.22,-0.11,-0.11
2015-09-10 18:12:00,70,0.0621794273045,0.0574822611981,0,-0.22,-0.11,-0.11
2015-09-10 18:17:00,70,0.0621794273045,0.0574822611981,0,-0.22,-0.11,-0.11
2015-09-10 18:22:00,67,0.0621794273045,0.0574822611981,0,-0.22,-0.11,-0.11
2015-09-10 18:37:00,66,0.0621794273045,0.0574822611981,0,-0.22,-0.11,-0.11
2015-09-10 18:42:00,68,0.0595396873479,0.0574822611981,0,-0.22,-0.11,-0.11
2015-09-10 18:47:00,71,0.0595396873479,0.0574822611981,0,-0.22,-0.11,-0.11
2015-09-10 18:52:00,62,0.0621794273045,0.0574822611981,0,-0.22,-0.11,-0.11
2015-09-10 18:57:00,68,0.0648939358991,0.0574822611981,0,-0.22,-0.11,-0.11
2015-09-10 19:32:00,62,0.0676838632364,0.0574822611981,0,-0.22,-0.11,-0.11
2015-09-10 19:37:00,64,0.0676838632364,0.0574822611981,0,-0.22,-0.11,-0.11
2015-09-10 19:47:00,69,0.0676838632364,0.0574822611981,0,-0.22,-0.11,-0.11
2015-09-10 19:57:00,63,0.0621794273045,0.0574822611981,0,-0.22,-0.11,-0.11
2015-09-10 20:02:00,64,0.0544818090977,0.0574822611981,0,-0.22,-0.11,-0.11
2015-09-10 21:02:00,62,0.045232321481,0.0574822611981,0,-0.22,-0.11,-0.11
2015-09-10 21:12:00,69,0.045232321481,0.0574822611981,0,-0.22,-0.11,-0.11
2015-09-10 21:27:00,65,0.0390287523269,0.0574822611981,0,-0.22,-0.11,-0.11
2015-09-10 21:57:00,56,0.035419775338,0.0574822611981,0,-0.22,-0.11,-0.11
2015-09-10 22:12:00,64,0.0454572838648,0.0520835827107,0,-0.22,-0.11,-0.11
2015-09-10 23:42:00,70,0.0476705015643,0.0400808210751,0,-0.22,-0.11,-0.11
2015-09-10 23:47:00,61,0.0572360411082,0.0338605753276,0,-0.22,-0.11,-0.11
2015-09-11 05:27:00,64,0.0863824059825,0.0446309832761,0,-0.22,-0.11,-0.11
2015-09-11 05:47:00,68,0.111477439853,0.0862451883111,0,-0.22,-0.11,-0.11
2015-09-11 06:17:00,65,0.103900496093,0.0975236444276,0,-0.22,-0.11,-0.11
2015-09-11 06:37:00,70,0.100235001271,0.109677850317,0,-0.22,-0.11,-0.11
2015-09-11 06:42:00,65,0.107647833921,0.122723288057,0,-0.22,-0.11,-0.11
2015-09-11 06:57:00,65,0.107647833921,0.131922307256,0,-0.22,-0.11,-0.11
2015-09-11 07:07:00,70,0.089725087883,0.141527414935,0,-0.22,-0.11,-0.11
2015-09-11 07:12:00,73,0.0966509074985,0.136673874592,0,-0.22,-0.11,-0.11
2015-09-11 07:32:00,69,0.107647833638,0.113926586486,0,-0.22,-0.11,-0.11
2015-09-11 07:42:00,68,0.0966509074985,0.101476942736,0,-0.22,-0.11,-0.11
2015-09-11 08:12:00,65,0.0679768059586,0.069346229976,0,-0.22,-0.11,-0.11
2015-09-11 08:42:00,68,0.0476705015643,0.033860576464,0,-0.22,-0.11,-0.11
2015-09-11 08:47:00,69,0.0476705015643,0.030103000257,0,-0.22,-0.11,-0.11
2015-09-11 09:12:00,71,0.0523092140368,0.0338605751819,0,-0.22,-0.11,-0.11
2015-09-11 09:17:00,70,0.0547362435111,0.0379279099706,0,-0.22,-0.11,-0.11
2015-09-11 09:27:00,64,0.0547362435111,0.0400808209117,0,-0.22,-0.11,-0.11
2015-09-11 09:32:00,68,0.0476705008942,0.0423148003293,0,-0.22,-0.11,-0.11
2015-09-11 09:37:00,70,0.0336118663936,0.0423148003293,0,-0.22,-0.11,-0.11
2015-09-11 09:52:00,66,0.0334285316314,0.0423148003293,0,-0.22,-0.11,-0.11
2015-09-11 09:57:00,71,0.0352297364246,0.0400808209117,0,-0.22,-0.11,-0.11
2015-09-11 10:07:00,68,0.0370961678279,0.0400808209117,0,-0.22,-0.11,-0.11
2015-09-11 10:27:00,63,0.0390287526198,0.0400808209117,0,-0.22,-0.11,-0.11
2015-09-11 10:39:00,66,0.0410283925854,0.0423148003293,0,-0.22,-0.11,-0.11
2015-09-11 10:49:00,65,0.0520622656406,0.0446309833112,0,-0.22,-0.11,-0.11
2015-09-11 11:19:00,69,0.0621794271051,0.047030469936,0,-0.22,-0.11,-0.11
2015-09-11 11:29:00,70,0.0705498393002,0.049514325818,0,-0.22,-0.11,-0.11
2015-09-11 11:34:00,67,0.0705498393002,0.0520835827107,0,-0.22,-0.11,-0.11
2015-09-11 11:39:00,63,0.0705498393002,0.0547392391597,0,-0.22,-0.11,-0.11
2015-09-11 11:44:00,68,0.0705498393002,0.0547392391597,0,-0.22,-0.11,-0.11
2015-09-11 11:54:00,71,0.0676838632364,0.0574822611981,0,-0.22,-0.11,-0.11
2015-09-11 12:04:00,60,0.0648939358991,0.0574822611981,0,-0.22,-0.11,-0.11
2015-09-11 12:14:00,81,1.0,0.0574822611981,0,-0.22,-0.11,-0.11
2015-09-11 12:39:00,69,0.0569740451066,0.0574822611981,0,-0.22,-0.11,-0.11
2015-09-11 12:44:00,71,0.0569740451066,0.0574822611981,0,-0.22,-0.11,-0.11
2015-09-11 12:49:00,64,0.0569740451066,0.0574822611981,0,-0.22,-0.11,-0.11
2015-09-11 12:54:00,65,0.0569740451066,0.0574822611981,0,-0.22,-0.11,-0.11
2015-09-11 12:59:00,69,0.0569740451066,0.0574822611981,0,-0.22,-0.11,-0.11
2015-09-11 13:09:00,66,0.0569740451066,0.0574822611981,0,-0.22,-0.11,-0.11
2015-09-11 13:24:00,65,0.0569740451066,0.0574822611981,0,-0.22,-0.11,-0.11
2015-09-11 13:29:00,67,0.059539687154,0.0574822611981,0,-0.22,-0.11,-0.11
2015-09-11 13:39:00,67,0.0621794271051,0.0574822611981,0,-0.22,-0.11,-0.11
2015-09-11 13:44:00,66,0.0705498393002,0.0574822611981,0,-0.22,-0.11,-0.11
2015-09-11 13:49:00,69,0.0705498393002,0.0574822611981,0,-0.22,-0.11,-0.11
2015-09-11 13:54:00,70,0.0705498393002,0.0574822611981,0,-0.22,-0.11,-0.11
2015-09-11 14:04:00,65,0.0705498393002,0.0574822611981,0,-0.22,-0.11,-0.11
2015-09-11 14:14:00,68,0.0705498393002,0.0574822611981,0,-0.22,-0.11,-0.11
2015-09-11 14:19:00,68,0.0705498393002,0.0574822611981,0,-0.22,-0.11,-0.11
2015-09-11 14:24:00,66,0.0705498393002,0.0574822611981,0,-0.22,-0.11,-0.11
2015-09-11 14:29:00,67,0.0705498393002,0.0574822611981,0,-0.22,-0.11,-0.11
2015-09-11 14:39:00,66,0.0705498393002,0.0574822611981,0,-0.22,-0.11,-0.11
2015-09-11 14:44:00,67,0.0705498393002,0.0574822611981,0,-0.22,-0.11,-0.11
2015-09-11 14:54:00,66,0.0705498393002,0.0574822611981,0,-0.22,-0.11,-0.11
2015-09-11 14:59:00,65,0.0705498393002,0.0574822611981,0,-0.22,-0.11,-0.11
2015-09-11 15:09:00,69,0.0705498393002,0.0574822611981,0,-0.22,-0.11,-0.11
2015-09-11 15:14:00,69,0.0705498393002,0.0574822611981,0,-0.22,-0.11,-0.11
2015-09-11 15:19:00,70,0.0650029935964,0.06328682795,0,-0.22,-0.11,-0.11
2015-09-11 15:24:00,67,0.0650029935964,0.06328682795,0,-0.22,-0.11,-0.11
2015-09-11 15:29:00,68,0.0650029935964,0.06328682795,0,-0.22,-0.11,-0.11
2015-09-11 15:34:00,64,0.0650029935964,0.06328682795,1,1.0,1.0,1.0
2015-09-11 15:39:00,66,0.0650029935964,0.06328682795,1,0.997467323774,0.997467323774,0.997467323774
2015-09-11 15:44:00,66,0.0650029935964,0.06328682795,1,0.994466345384,0.994466345384,0.994466345384
2015-09-11 15:49:00,62,0.0650029935964,0.06328682795,1,0.990912297135,0.990912297135,0.990912297135
2015-09-11 15:54:00,66,0.0650029935964,0.06328682795,1,0.986705805895,0.986705805895,0.986705805895
2015-09-11 15:59:00,60,0.0650029935964,0.06328682795,1,0.98173067548,0.98173067548,0.98173067548
2015-09-11 16:04:00,66,0.0650029935964,0.06328682795,1,0.975851455089,0.975851455089,0.975851455089
2015-09-11 16:09:00,68,0.0650029935964,0.06328682795,1,0.968910827501,0.968910827501,0.968910827501
2015-09-11 16:14:00,64,0.0619631147918,0.06328682795,1,0.960726881431,0.960726881431,0.960726881431
2015-09-11 16:19:00,66,0.0619631147918,0.06328682795,1,0.951090375289,0.951090375289,0.951090375289
2015-09-11 16:24:00,60,0.0590170418953,0.06328682795,1,0.939762157355,0.939762157355,0.939762157355
2015-09-11 16:29:00,70,0.0561638271337,0.06328682795,1,0.926470982694,0.926470982694,0.926470982694
2015-09-11 16:34:00,65,0.0561638271337,0.06328682795,1,0.910912061448,0.910912061448,0.910912061448
2015-09-11 16:39:00,59,0.0561638271337,0.06328682795,1,0.892746785547,0.892746785547,0.892746785547
2015-09-11 16:44:00,23,1.0,0.06328682795,1,0.871604206333,0.871604206333,0.871604206333
2015-09-11 16:49:00,52,0.170651447527,0.06328682795,1,0.847084961863,0.847084961863,0.847084961863
2015-09-11 16:54:00,56,0.182089003092,0.06328682795,1,0.818768457918,0.818768457918,0.818768457918
2015-09-11 16:59:00,67,0.182089003092,0.06328682795,1,0.786224155844,0.786224155844,0.786224155844
2015-09-11 17:04:00,63,0.17631536902,0.06328682795,1,0.749027764004,0.749027764004,0.749027764004
2015-09-11 17:09:00,61,0.17631536902,0.06328682795,1,0.706782906333,0.706782906333,0.706782906333
2015-09-11 17:14:00,65,0.170651447527,0.06328682795,1,0.659148386645,0.659148386645,0.659148386645
2015-09-11 17:19:00,63,0.16509687205,0.06328682795,1,0.605870432503,0.605870432503,0.605870432503
2015-09-11 17:24:00,62,0.16509687205,0.0565990084442,1,0.546818284629,0.546818284629,0.546818284629
2015-09-11 17:29:00,66,0.16509687205,0.0503914848238,1,0.482020276974,0.482020276974,0.482020276974
2015-09-11 17:34:00,62,0.086971271652,0.0503914848238,1,0.411696322647,0.411696322647,0.411696322647
2015-09-11 17:39:00,70,0.0590170418953,0.0503914848238,1,0.336281795347,0.336281795347,0.336281795347
2015-09-11 17:44:00,68,0.0650029935964,0.0503914848238,1,0.256437561961,0.256437561961,0.256437561961
2015-09-11 17:49:00,69,0.0650029935964,0.0503914848238,1,0.173041730291,0.173041730291,0.173041730291
2015-09-11 17:54:00,69,0.0650029935964,0.0503914848238,1,0.0871606838341,0.0871606838341,0.0871606838341
2015-09-11 17:59:00,69,0.0650029935964,0.0503914848238,0,-0.0195908258345,-0.00979541291727,-0.00979541291727
2015-09-11 18:04:00,64,0.0650029935964,0.0503914848238,0,-0.0388733949185,-0.0194366974592,-0.0194366974592
2015-09-11 18:09:00,68,0.0650029935964,0.0503914848238,0,-0.0575585513263,-0.0287792756632,-0.0287792756632
2015-09-11 18:11:00,70,0.0650029935964,0.0565990084442,0,-0.0753928795324,-0.0376964397662,-0.0376964397662
2015-09-11 18:16:00,65,0.0650029935964,0.06328682795,0,-0.0921709511644,-0.0460854755822,-0.0460854755822
2015-09-11 18:21:00,70,0.0650029935964,0.06328682795,0,-0.107742138094,-0.0538710690471,-0.0538710690471
2015-09-11 18:26:00,67,0.0650029935964,0.06328682795,0,-0.122011938917,-0.0610059694584,-0.0610059694584
2015-09-11 18:31:00,64,0.0650029935964,0.06328682795,0,-0.134938597287,-0.0674692986435,-0.0674692986435
2015-09-11 18:36:00,67,0.0650029935964,0.06328682795,0,-0.146526305971,-0.0732631529854,-0.0732631529854
2015-09-11 18:41:00,67,0.0619631147918,0.06328682795,0,-0.156816453751,-0.0784082268753,-0.0784082268753
2015-09-11 18:51:00,68,0.0619631147918,0.06328682795,0,-0.165878247504,-0.082939123752,-0.082939123752
2015-09-11 18:56:00,68,0.0590170418953,0.06328682795,0,-0.173799742591,-0.0868998712955,-0.0868998712955
2015-09-11 19:01:00,68,0.0590170418953,0.06328682795,0,-0.180679955706,-0.0903399778532,-0.0903399778532
2015-09-11 19:26:00,63,0.0561638271337,0.06328682795,0,-0.186622400791,-0.0933112003953,-0.0933112003953
2015-09-11 19:41:00,62,0.0561638271337,0.06328682795,0,-0.191730127124,-0.0958650635622,-0.0958650635622
2015-09-11 19:46:00,69,0.0561638271337,0.06328682795,0,-0.196102162902,-0.0980510814508,-0.0980510814508
2015-09-11 20:01:00,61,0.0456594048028,0.0598821482851,0,-0.199831169515,-0.0999155847574,-0.0999155847574
2015-09-11 20:06:00,58,0.0344899128831,0.0565990084442,0,-0.20300207349,-0.101501036745,-0.101501036745
2015-09-11 20:16:00,61,0.0344899128831,0.0534359571303,0,-0.205691444677,-0.102845722339,-0.102845722339
2015-09-11 20:26:00,63,0.036555843465,0.0503914848238,0,-0.20796741381,-0.103983706905,-0.103983706905
2015-09-11 20:36:00,62,0.036555843465,0.0503914848238,0,-0.20988995724,-0.10494497862,-0.10494497862
2015-09-11 20:46:00,66,0.0387045009059,0.0503914848238,0,-0.211511413201,-0.105755706601,-0.105755706601
2015-09-11 20:51:00,65,0.0387045009059,0.0503914848238,0,-0.212877127673,-0.106438563837,-0.106438563837
2015-09-11 21:01:00,60,0.0387045009059,0.0474640221582,0,-0.214026156545,-0.107013078272,-0.107013078272
2015-09-11 21:21:00,64,0.036555843465,0.0474640221582,0,-0.214991973799,-0.1074959869,-0.1074959869
2015-09-11 21:51:00,59,0.0375402293172,0.0474640221582,0,-0.21580315306,-0.10790157653,-0.10790157653
2015-09-11 21:56:00,56,0.0468021222629,0.0503914848238,0,-0.216484002901,-0.108242001451,-0.108242001451
2015-09-11 21:59:00,47,0.0833044081002,0.0534359571303,0,-0.217055145593,-0.108527572797,-0.108527572797
2015-09-11 22:16:00,60,0.297327742145,0.0534359571303,0,-0.217534035351,-0.108767017675,-0.108767017675
2015-09-11 22:41:00,56,0.34584581766,0.0474640219444,0,-0.217935416335,-0.108967708168,-0.108967708168
2015-09-11 23:41:00,57,0.445629878334,0.0446519381705,0,-0.218271723265,-0.109135861633,-0.109135861633
2015-09-12 00:16:00,79,0.604564462019,0.0301030005133,0,-0.21855342899,-0.109276714495,-0.109276714495
2015-09-12 00:46:00,62,0.299999996735,0.0474640231844,0,-0.218789344073,-0.109394672037,-0.109394672037
2015-09-12 02:56:00,64,0.299999996735,0.0781480292655,0,-0.218986873655,-0.109493436828,-0.109493436828
2015-09-12 03:41:00,58,0.299999996735,0.191160954284,0,-0.219152236748,-0.109576118374,-0.109576118374
2015-09-12 05:06:00,78,0.299999996735,0.292582937817,0,-0.219290652791,-0.109645326395,-0.109645326395
2015-09-12 06:51:00,75,0.299999996735,0.319544469015,0,-0.219406499905,-0.109703249952,-0.109703249952
2015-09-12 07:11:00,71,0.299999996735,0.319544469015,0,-0.219503448821,-0.109751724411,-0.109751724411
2015-09-12 07:41:00,70,0.380501540053,0.310407482333,0,-0.219584575994,-0.109792287997,-0.109792287997
2015-09-12 07:51:00,73,0.337471378515,0.283894802276,0,-0.219652458986,-0.109826229493,-0.109826229493
2015-09-12 08:01:00,70,0.260047770771,0.275355687504,0,-0.21970925679,-0.109854628395,-0.109854628395
2015-09-12 08:16:00,70,0.16509687246,0.227231830939,0,-0.2197567774,-0.1098783887,-0.1098783887
2015-09-12 08:46:00,80,0.16509687246,0.177745954277,0,-0.219796534583,-0.109898267292,-0.109898267292
2015-09-12 08:56:00,66,0.159651263303,0.119172867694,0,-0.21982979557,-0.109914897785,-0.109914897785
2015-09-12 09:16:00,68,0.119958848566,0.0393670683241,0,-0.219857621062,-0.109928810531,-0.109928810531
2015-09-12 09:21:00,76,0.0314727606639,0.0534359568991,0,-0.219880898798,-0.109940449399,-0.109940449399
2015-09-12 09:26:00,66,0.0325053934061,0.06328682795,0,-0.219900371685,-0.109950185843,-0.109950185843
2015-09-12 09:56:00,69,0.0325053934061,0.06328682795,0,-0.219916661385,-0.109958330692,-0.109958330692
2015-09-12 10:06:00,69,0.0344899131848,0.06328682795,0,-0.219930288064,-0.109965144032,-0.109965144032
2015-09-12 10:16:00,70,0.0365558437789,0.06328682795,0,-0.219941686943,-0.109970843471,-0.109970843471
2015-09-12 10:46:00,72,0.0387045012323,0.06328682795,0,-0.219951222152,-0.109975611076,-0.109975611076
2015-09-12 10:51:00,67,0.0387045012323,0.0598821482851,0,-0.219959198331,-0.109979599166,-0.109979599166
2015-09-12 10:56:00,71,0.0561638271337,0.0565990084442,0,-0.219965870343,-0.109982935171,-0.109982935171
2015-09-12 11:06:00,64,0.0590170418953,0.0565990084442,0,-0.219971451398,-0.109985725699,-0.109985725699
2015-09-12 11:31:00,67,0.0590170418953,0.0565990084442,0,-0.21997611986,-0.10998805993,-0.10998805993
2015-09-12 11:41:00,75,0.0590170418953,0.0565990084442,0,-0.219980024938,-0.109990012469,-0.109990012469
2015-09-12 11:46:00,68,0.0590170418953,0.0534359571303,0,-0.219983291449,-0.109991645725,-0.109991645725
2015-09-12 12:06:00,67,0.0590170418953,0.0503914848238,0,-0.219986023807,-0.109993011903,-0.109993011903
2015-09-12 12:11:00,71,0.0590170418953,0.0474640221582,0,-0.219988309353,-0.109994154676,-0.109994154676
2015-09-12 12:16:00,65,0.0590170418953,0.0446519383758,0,-0.219990221148,-0.109995110574,-0.109995110574
2015-09-12 12:26:00,67,0.0561638271337,0.0419535398829,0,-0.21999182031,-0.109995910155,-0.109995910155
2015-09-12 12:31:00,77,0.0507320127342,0.0419535398829,0,-0.21999315796,-0.10999657898,-0.10999657898
2015-09-12 12:36:00,67,0.0507320127342,0.0419535398829,0,-0.219994276863,-0.109997138432,-0.109997138432
2015-09-12 12:46:00,67,0.0507320127342,0.0419535398829,0,-0.21999521279,-0.109997606395,-0.109997606395
2015-09-12 12:51:00,68,0.0507320127342,0.0393670689276,0,-0.219995995663,-0.109997997831,-0.109997997831
2015-09-12 13:06:00,70,0.0561638271337,0.0393670689276,0,-0.21999665051,-0.109998325255,-0.109998325255
2015-09-12 13:11:00,67,0.0561638271337,0.0419535398829,0,-0.219997198268,-0.109998599134,-0.109998599134
2015-09-12 13:16:00,62,0.0561638271337,0.0446519383758,0,-0.219997656448,-0.109998828224,-0.109998828224
2015-09-12 13:21:00,67,0.0539904552557,0.0473229016023,0,-0.219998039701,-0.109999019851,-0.109999019851
2015-09-12 13:36:00,67,0.0539904552557,0.0502236918115,0,-0.219998360279,-0.109999180139,-0.109999180139
2015-09-12 13:41:00,65,0.0560263071439,0.0532397629118,0,-0.219998628431,-0.109999314215,-0.109999314215
2015-09-12 14:16:00,73,0.0602473285328,0.0563726549404,0,-0.219998852731,-0.109999426365,-0.109999426365
2015-09-12 14:21:00,69,0.0602473285328,0.0596238496559,0,-0.21999904035,-0.109999520175,-0.109999520175
2015-09-12 14:31:00,70,0.0602473285328,0.0596238496559,0,-0.219999197287,-0.109999598643,-0.109999598643
2015-09-12 14:41:00,70,0.0602473285328,0.0629947721014,0,-0.219999328559,-0.109999664279,-0.109999664279
2015-09-12 14:56:00,69,0.0602473285328,0.0629947721014,0,-0.219999438363,-0.109999719182,-0.109999719182
2015-09-12 15:01:00,72,0.0602473285328,0.0629947721014,0,-0.219999530211,-0.109999765105,-0.109999765105
2015-09-12 15:11:00,70,0.0602473285328,0.0629947721014,0,-0.219999607038,-0.109999803519,-0.109999803519
2015-09-12 15:16:00,64,0.0602473285328,0.0629947721014,0,-0.219999671301,-0.109999835651,-0.109999835651
2015-09-12 15:21:00,68,0.0602473285328,0.0629947721014,0,-0.219999725055,-0.109999862528,-0.109999862528
2015-09-12 15:31:00,66,0.0602473285328,0.0629947721014,0,-0.219999770018,-0.109999885009,-0.109999885009
2015-09-12 15:36:00,72,0.0602473285328,0.0629947721014,0,-0.219999807629,-0.109999903814,-0.109999903814
2015-09-12 15:41:00,71,0.0602473285328,0.0629947721014,0,-0.219999839088,-0.109999919544,-0.109999919544
2015-09-12 15:46:00,68,0.0602473285328,0.0629947721014,0,-0.219999865403,-0.109999932702,-0.109999932702
2015-09-12 15:51:00,66,0.0602473285328,0.0629947721014,0,-0.22,-0.11,-0.11
2015-09-12 15:56:00,70,0.0602473285328,0.0629947721014,0,-0.22,-0.11,-0.11
2015-09-12 16:01:00,68,0.0602473285328,0.0629947721014,0,-0.22,-0.11,-0.11
2015-09-12 16:11:00,65,0.0602473285328,0.0629947721014,0,-0.22,-0.11,-0.11
2015-09-12 16:16:00,72,0.0602473285328,0.0629947721014,0,-0.22,-0.11,-0.11
2015-09-12 16:21:00,65,0.0602473285328,0.0629947721014,0,-0.22,-0.11,-0.11
2015-09-12 16:31:00,71,0.0602473285328,0.0629947721014,0,-0.22,-0.11,-0.11
2015-09-12 16:36:00,65,0.0602473285328,0.0629947721014,0,-0.22,-0.11,-0.11
2015-09-12 16:41:00,64,0.0602473285328,0.0629947721014,0,-0.22,-0.11,-0.11
2015-09-12 16:46:00,69,0.0602473285328,0.0629947721014,0,-0.22,-0.11,-0.11
2015-09-12 16:51:00,68,0.0602473285328,0.0629947721014,0,-0.22,-0.11,-0.11
2015-09-12 16:56:00,72,0.0602473285328,0.0629947721014,0,-0.22,-0.11,-0.11
2015-09-12 17:01:00,71,0.0602473285328,0.0629947721014,0,-0.22,-0.11,-0.11
2015-09-12 17:06:00,69,0.0602473285328,0.0629947721014,0,-0.22,-0.11,-0.11
2015-09-12 17:21:00,71,0.0602473285328,0.0629947721014,0,-0.22,-0.11,-0.11
2015-09-12 17:46:00,69,0.0602473285328,0.0629947721014,0,-0.22,-0.11,-0.11
2015-09-12 18:21:00,73,0.0602473285328,0.0629947721014,0,-0.22,-0.11,-0.11
2015-09-12 18:41:00,70,0.0602473285328,0.0629947721014,0,-0.22,-0.11,-0.11
2015-09-12 19:01:00,68,0.0602473285328,0.0629947721014,0,-0.22,-0.11,-0.11
2015-09-12 19:21:00,62,0.0602473285328,0.0629947721014,0,-0.22,-0.11,-0.11
2015-09-12 19:26:00,69,0.0602473285328,0.0629947721014,0,-0.22,-0.11,-0.11
2015-09-12 19:46:00,72,0.0602473285328,0.0629947721014,0,-0.22,-0.11,-0.11
2015-09-12 19:51:00,65,0.0602473285328,0.0629947721014,0,-0.22,-0.11,-0.11
2015-09-12 20:06:00,60,0.0602473285328,0.0629947721014,0,-0.22,-0.11,-0.11
2015-09-12 20:31:00,62,0.0602473285328,0.0629947721014,0,-0.22,-0.11,-0.11
2015-09-12 20:51:00,66,0.0602473285328,0.0596238496559,0,-0.22,-0.11,-0.11
2015-09-12 21:21:00,68,0.0581118007568,0.0473229016023,0,-0.22,-0.11,-0.11
2015-09-12 21:36:00,63,0.0463352606292,0.0368396288637,0,-0.22,-0.11,-0.11
2015-09-12 21:51:00,70,0.0427945556144,0.0344900048443,0,-0.22,-0.11,-0.11
2015-09-12 22:46:00,74,0.0378318047239,0.0322451224958,0,-0.22,-0.11,-0.11
2015-09-12 23:01:00,62,0.0378318047239,0.0301030000399,0,-0.22,-0.11,-0.11
2015-09-12 23:06:00,59,0.0347498061142,0.0368396299019,0,-0.22,-0.11,-0.11
2015-09-12 23:31:00,59,0.0339790457775,0.0392959123527,0,-0.22,-0.11,-0.11
2015-09-13 06:31:00,62,0.0612924801948,0.0445357936629,0,-0.22,-0.11,-0.11
2015-09-13 07:51:00,70,0.0635028092389,0.0445357936629,0,-0.22,-0.11,-0.11
2015-09-13 08:01:00,62,0.0657641039142,0.0418607046297,0,-0.22,-0.11,-0.11
2015-09-13 08:26:00,67,0.0657641039142,0.0322451234436,0,-0.22,-0.11,-0.11
2015-09-13 09:21:00,69,0.0549635552387,0.0368396286846,0,-0.22,-0.11,-0.11
2015-09-13 09:26:00,72,0.0549635552387,0.0392959110809,0,-0.22,-0.11,-0.11
2015-09-13 09:41:00,67,0.0509920884791,0.0418607033025,0,-0.22,-0.11,-0.11
2015-09-13 10:06:00,69,0.0529533086131,0.0445357922794,0,-0.22,-0.11,-0.11
2015-09-13 10:11:00,72,0.0509920884791,0.0532397629118,0,-0.22,-0.11,-0.11
2015-09-13 10:16:00,65,0.0419063793861,0.0563726549404,0,-0.22,-0.11,-0.11
2015-09-13 10:46:00,76,0.0410943421853,0.0629947721014,0,-0.22,-0.11,-0.11
2015-09-13 10:51:00,67,0.0427945558712,0.0629947721014,0,-0.22,-0.11,-0.11
2015-09-13 10:56:00,72,0.044541373343,0.0629947721014,0,-0.22,-0.11,-0.11
2015-09-13 11:06:00,70,0.0463352609001,0.0629947721014,0,-0.22,-0.11,-0.11
2015-09-13 11:11:00,65,0.0481766738195,0.0629947721014,0,-0.22,-0.11,-0.11
2015-09-13 11:26:00,71,0.0520038426096,0.0629947721014,0,-0.22,-0.11,-0.11
2015-09-13 11:31:00,69,0.0539904552557,0.0629947721014,0,-0.22,-0.11,-0.11
2015-09-13 11:46:00,64,0.0560263071439,0.0629947721014,0,-0.22,-0.11,-0.11
2015-09-13 11:51:00,67,0.0581118007568,0.0629947721014,0,-0.22,-0.11,-0.11
2015-09-13 11:56:00,69,0.0602473285328,0.0629947721014,0,-0.22,-0.11,-0.11
2015-09-13 12:06:00,66,0.0602473285328,0.0629947721014,0,-0.22,-0.11,-0.11
2015-09-13 12:21:00,73,0.0602473285328,0.0629947721014,0,-0.22,-0.11,-0.11
2015-09-13 12:26:00,70,0.0602473285328,0.0629947721014,0,-0.22,-0.11,-0.11
2015-09-13 12:31:00,66,0.0602473285328,0.0629947721014,0,-0.22,-0.11,-0.11
2015-09-13 12:41:00,66,0.0602473285328,0.0629947721014,0,-0.22,-0.11,-0.11
2015-09-13 12:53:00,66,0.0602473285328,0.0629947721014,0,-0.22,-0.11,-0.11
2015-09-13 12:58:00,70,0.0602473285328,0.0629947721014,0,-0.22,-0.11,-0.11
2015-09-13 13:03:00,67,0.0602473285328,0.0629947721014,0,-0.22,-0.11,-0.11
2015-09-13 13:08:00,72,0.0602473285328,0.0629947721014,0,-0.22,-0.11,-0.11
2015-09-13 13:13:00,69,0.0602473285328,0.0629947721014,0,-0.22,-0.11,-0.11
2015-09-13 13:18:00,66,0.0602473285328,0.0629947721014,0,-0.22,-0.11,-0.11
2015-09-13 13:23:00,68,0.0602473285328,0.0629947721014,0,-0.22,-0.11,-0.11
2015-09-13 13:28:00,65,0.0602473285328,0.0629947721014,0,-0.22,-0.11,-0.11
2015-09-13 13:38:00,67,0.0602473285328,0.0629947721014,0,-0.22,-0.11,-0.11
2015-09-13 13:43:00,64,0.0602473285328,0.0629947721014,0,-0.22,-0.11,-0.11
2015-09-13 13:53:00,66,0.0602473285328,0.0629947721014,0,-0.22,-0.11,-0.11
2015-09-13 13:58:00,68,0.0602473285328,0.0629947721014,0,-0.22,-0.11,-0.11
2015-09-13 14:13:00,68,0.0602473285328,0.0629947721014,0,-0.22,-0.11,-0.11
2015-09-13 14:23:00,67,0.0602473285328,0.0629947721014,0,-0.22,-0.11,-0.11
2015-09-13 14:28:00,59,0.0602473285328,0.0629947721014,0,-0.22,-0.11,-0.11
2015-09-13 14:38:00,64,0.0602473285328,0.0629947721014,0,-0.22,-0.11,-0.11
2015-09-13 14:48:00,67,0.0602473285328,0.0629947721014,0,-0.22,-0.11,-0.11
2015-09-13 14:53:00,65,0.0602473285328,0.0629947721014,0,-0.22,-0.11,-0.11
2015-09-13 15:13:00,67,0.0602473285328,0.0629947721014,0,-0.22,-0.11,-0.11
2015-09-13 15:23:00,66,0.0602473285328,0.0629947721014,0,-0.22,-0.11,-0.11
2015-09-13 15:28:00,68,0.0602473285328,0.0629947721014,0,-0.22,-0.11,-0.11
2015-09-13 15:33:00,66,0.0602473285328,0.0629947721014,0,-0.22,-0.11,-0.11
2015-09-13 15:38:00,72,0.0602473285328,0.0629947721014,0,-0.22,-0.11,-0.11
2015-09-13 15:43:00,71,0.0602473285328,0.0629947721014,0,-0.22,-0.11,-0.11
2015-09-13 15:48:00,69,0.0602473285328,0.0629947721014,0,-0.22,-0.11,-0.11
2015-09-13 16:03:00,61,0.0602473285328,0.0629947721014,0,-0.22,-0.11,-0.11
2015-09-13 16:08:00,67,0.0565108372754,0.0678633048466,0,-0.22,-0.11,-0.11
2015-09-13 16:18:00,66,0.0565108372754,0.0678633048466,0,-0.22,-0.11,-0.11
2015-09-13 16:28:00,74,0.0565108372754,0.0678633048466,0,-0.22,-0.11,-0.11
2015-09-13 16:48:00,65,0.0565108372754,0.0678633048466,0,-0.22,-0.11,-0.11
2015-09-13 16:53:00,69,0.0565108372754,0.0678633048466,0,-0.22,-0.11,-0.11
2015-09-13 16:58:00,64,0.0565108372754,0.0678633048466,0,-0.22,-0.11,-0.11
2015-09-13 17:03:00,67,0.0565108372754,0.0678633048466,0,-0.22,-0.11,-0.11
2015-09-13 17:13:00,69,0.0565108372754,0.0678633048466,0,-0.22,-0.11,-0.11
2015-09-13 17:18:00,62,0.0565108372754,0.0678633048466,0,-0.22,-0.11,-0.11
2015-09-13 17:23:00,63,0.0565108372754,0.0678633048466,0,-0.22,-0.11,-0.11
2015-09-13 17:43:00,73,0.0565108372754,0.0678633048466,0,-0.22,-0.11,-0.11
2015-09-13 17:48:00,64,0.0565108372754,0.0678633048466,0,-0.22,-0.11,-0.11
2015-09-13 17:53:00,67,0.0565108372754,0.0678633048466,0,-0.22,-0.11,-0.11
2015-09-13 17:58:00,65,0.0565108372754,0.0678633048466,0,-0.22,-0.11,-0.11
2015-09-13 18:08:00,67,0.0565108372754,0.0678633048466,0,-0.22,-0.11,-0.11
2015-09-13 18:18:00,65,0.0565108372754,0.0678633048466,0,-0.22,-0.11,-0.11
2015-09-13 18:23:00,74,0.0565108372754,0.0678633048466,0,-0.22,-0.11,-0.11
2015-09-13 18:33:00,65,0.0565108372754,0.0678633048466,0,-0.22,-0.11,-0.11
2015-09-13 18:38:00,70,0.0565108372754,0.0678633048466,0,-0.22,-0.11,-0.11
2015-09-13 18:43:00,70,0.0565108372754,0.0678633048466,0,-0.22,-0.11,-0.11
2015-09-13 18:48:00,69,0.0565108372754,0.0678633048466,0,-0.22,-0.11,-0.11
2015-09-13 18:58:00,69,0.0565108372754,0.0678633048466,0,-0.22,-0.11,-0.11
2015-09-13 19:08:00,63,0.0565108372754,0.0678633048466,0,-0.22,-0.11,-0.11
2015-09-13 19:13:00,63,0.0565108372754,0.0678633048466,0,-0.22,-0.11,-0.11
2015-09-13 19:33:00,65,0.0565108372754,0.0678633048466,0,-0.22,-0.11,-0.11
2015-09-13 19:43:00,56,0.0521098674605,0.0678633048466,0,-0.22,-0.11,-0.11
2015-09-13 19:48:00,69,0.0521098674605,0.0678633048466,0,-0.22,-0.11,-0.11
2015-09-13 20:13:00,63,0.0521098674605,0.0678633048466,0,-0.22,-0.11,-0.11
2015-09-13 20:33:00,66,0.0521098674605,0.0639237590206,0,-0.22,-0.11,-0.11
2015-09-13 20:43:00,66,0.0521098674605,0.0639237590206,0,-0.22,-0.11,-0.11
2015-09-13 20:48:00,64,0.0499967435579,0.0564961050847,0,-0.22,-0.11,-0.11
2015-09-13 21:08:00,68,0.0459424766159,0.0496573724387,0,-0.22,-0.11,-0.11
2015-09-13 21:28:00,55,0.0328274871948,0.0433907316191,0,-0.22,-0.11,-0.11
2015-09-13 22:48:00,75,0.0360698319001,0.0350229550857,0,-0.22,-0.11,-0.11
2015-09-13 22:53:00,69,0.0360698319001,0.0324989120853,0,-0.22,-0.11,-0.11
2015-09-13 23:33:00,62,0.0344225180712,0.0376778692806,0,-0.22,-0.11,-0.11
2015-09-14 00:33:00,68,0.0377701092332,0.0496573740979,0,-0.22,-0.11,-0.11
2015-09-14 05:53:00,66,0.0470886314227,0.0601353230142,0,-0.22,-0.11,-0.11
2015-09-14 06:18:00,66,0.0470886314227,0.0601353230142,0,-0.22,-0.11,-0.11
2015-09-14 06:28:00,75,0.0625304820167,0.0601353230142,0,-0.22,-0.11,-0.11
2015-09-14 06:48:00,65,0.0700440990581,0.0530041435447,0,-0.22,-0.11,-0.11
2015-09-14 06:53:00,68,0.0726715606789,0.0464536513286,0,-0.22,-0.11,-0.11
2015-09-14 06:58:00,71,0.0555602826271,0.0404662840109,0,-0.22,-0.11,-0.11
2015-09-14 07:08:00,69,0.0578241084887,0.0350229565903,0,-0.22,-0.11,-0.11
2015-09-14 07:28:00,67,0.0674783971647,0.0301030002568,0,-0.22,-0.11,-0.11
2015-09-14 07:33:00,68,0.072671560877,0.032498910656,0,-0.22,-0.11,-0.11
2015-09-14 07:38:00,67,0.0753612133761,0.0433907313961,0,-0.22,-0.11,-0.11
2015-09-14 07:48:00,71,0.0649740109637,0.0530041415578,0,-0.22,-0.11,-0.11
2015-09-14 07:58:00,67,0.0674783977313,0.0564961050847,0,-0.22,-0.11,-0.11
2015-09-14 08:13:00,65,0.0512087998561,0.0564961050847,0,-0.22,-0.11,-0.11
2015-09-14 08:28:00,66,0.043195283894,0.0564961050847,0,-0.22,-0.11,-0.11
2015-09-14 08:33:00,64,0.0377701094906,0.0564961050847,0,-0.22,-0.11,-0.11
2015-09-14 08:48:00,60,0.0328274874286,0.0564961050847,0,-0.22,-0.11,-0.11
2015-09-14 08:53:00,69,0.0319307873473,0.0601353208561,0,-0.22,-0.11,-0.11
2015-09-14 09:03:00,66,0.0385055625817,0.0639237590206,0,-0.22,-0.11,-0.11
2015-09-14 09:08:00,73,0.0440001920238,0.0678633048466,0,-0.22,-0.11,-0.11
2015-09-14 09:13:00,70,0.0499967435579,0.0678633048466,0,-0.22,-0.11,-0.11
2015-09-14 09:23:00,72,0.0521098674605,0.0678633048466,0,-0.22,-0.11,-0.11
2015-09-14 09:28:00,62,0.0542810541996,0.0678633048466,0,-0.22,-0.11,-0.11
2015-09-14 09:33:00,70,0.0542810541996,0.0678633048466,0,-0.22,-0.11,-0.11
2015-09-14 09:38:00,69,0.0542810541996,0.0678633048466,0,-0.22,-0.11,-0.11
2015-09-14 09:43:00,69,0.0542810541996,0.0678633048466,0,-0.22,-0.11,-0.11
2015-09-14 09:48:00,69,0.0565108372754,0.0678633048466,0,-0.22,-0.11,-0.11
2015-09-14 09:53:00,71,0.0565108372754,0.0678633048466,0,-0.22,-0.11,-0.11
2015-09-14 09:58:00,68,0.0542810541996,0.0678633048466,0,-0.22,-0.11,-0.11
2015-09-14 10:13:00,63,0.0542810541996,0.0678633048466,0,-0.22,-0.11,-0.11
2015-09-14 10:18:00,68,0.0521098674605,0.0678633048466,0,-0.22,-0.11,-0.11
2015-09-14 10:23:00,68,0.0521098674605,0.0678633048466,0,-0.22,-0.11,-0.11
2015-09-14 10:28:00,66,0.0521098674605,0.0678633048466,0,-0.22,-0.11,-0.11
2015-09-14 10:33:00,70,0.0521098674605,0.0678633048466,0,-0.22,-0.11,-0.11
2015-09-14 10:43:00,70,0.0521098674605,0.0678633048466,0,-0.22,-0.11,-0.11
2015-09-14 10:48:00,65,0.0521098674605,0.0678633048466,0,-0.22,-0.11,-0.11
2015-09-14 11:03:00,74,0.0521098674605,0.0678633048466,0,-0.22,-0.11,-0.11
2015-09-14 11:13:00,67,0.0521098674605,0.0678633048466,0,-0.22,-0.11,-0.11
2015-09-14 11:18:00,64,0.0542810541996,0.0678633048466,0,-0.22,-0.11,-0.11
2015-09-14 11:23:00,70,0.0542810541996,0.0678633048466,0,-0.22,-0.11,-0.11
2015-09-14 11:28:00,70,0.0565108372754,0.0678633048466,0,-0.22,-0.11,-0.11
2015-09-14 11:33:00,66,0.0565108372754,0.0678633048466,0,-0.22,-0.11,-0.11
2015-09-14 11:43:00,67,0.0565108372754,0.0678633048466,0,-0.22,-0.11,-0.11
2015-09-14 12:03:00,63,0.0565108372754,0.0678633048466,0,-0.22,-0.11,-0.11
2015-09-14 12:08:00,70,0.0565108372754,0.0678633048466,0,-0.22,-0.11,-0.11
2015-09-14 12:13:00,63,0.0565108372754,0.0678633048466,0,-0.22,-0.11,-0.11
2015-09-14 12:23:00,71,0.0565108372754,0.0678633048466,0,-0.22,-0.11,-0.11
2015-09-14 12:28:00,62,0.0565108372754,0.0678633048466,0,-0.22,-0.11,-0.11
2015-09-14 12:38:00,67,0.0565108372754,0.0678633048466,0,-0.22,-0.11,-0.11
2015-09-14 12:43:00,68,0.0565108372754,0.0678633048466,0,-0.22,-0.11,-0.11
2015-09-14 12:48:00,73,0.0565108372754,0.0678633048466,0,-0.22,-0.11,-0.11
2015-09-14 12:53:00,67,0.0565108372754,0.0678633048466,0,-0.22,-0.11,-0.11
2015-09-14 13:15:00,65,0.0565108372754,0.0678633048466,0,-0.22,-0.11,-0.11
2015-09-14 13:20:00,63,0.0565108372754,0.0678633048466,0,-0.22,-0.11,-0.11
2015-09-14 13:25:00,72,0.0565108372754,0.0678633048466,0,-0.22,-0.11,-0.11
2015-09-14 13:35:00,65,0.0565108372754,0.0678633048466,0,-0.22,-0.11,-0.11
2015-09-14 13:40:00,64,0.0565108372754,0.0678633048466,0,-0.22,-0.11,-0.11
2015-09-14 13:45:00,71,0.0565108372754,0.0678633048466,0,-0.22,-0.11,-0.11
2015-09-14 13:50:00,66,0.0565108372754,0.0678633048466,0,-0.22,-0.11,-0.11
2015-09-14 13:55:00,59,0.0565108372754,0.0678633048466,0,-0.22,-0.11,-0.11
2015-09-14 14:15:00,57,0.0542810541996,0.0678633048466,0,-0.22,-0.11,-0.11
2015-09-14 14:20:00,66,0.0542810541996,0.0678633048466,0,-0.22,-0.11,-0.11
2015-09-14 14:25:00,71,0.0542810541996,0.0678633048466,0,-0.22,-0.11,-0.11
2015-09-14 14:35:00,69,0.0542810541996,0.0678633048466,0,-0.22,-0.11,-0.11
2015-09-14 14:40:00,67,0.0528186581413,0.0721062795881,0,-0.22,-0.11,-0.11
2015-09-14 14:45:00,66,0.0528186581413,0.0721062795881,0,-0.22,-0.11,-0.11
2015-09-14 14:50:00,67,0.0528186581413,0.0721062795881,0,-0.22,-0.11,-0.11
2015-09-14 14:55:00,65,0.0528186581413,0.0721062795881,0,-0.22,-0.11,-0.11
2015-09-14 15:00:00,70,0.0528186581413,0.0721062795881,0,-0.22,-0.11,-0.11
2015-09-14 15:10:00,66,0.0528186581413,0.0721062795881,0,-0.22,-0.11,-0.11
2015-09-14 15:15:00,66,0.055175599198,0.0721062795881,0,-0.22,-0.11,-0.11
2015-09-14 15:20:00,61,0.055175599198,0.0721062795881,0,-0.22,-0.11,-0.11
2015-09-14 15:30:00,68,0.055175599198,0.0721062795881,0,-0.22,-0.11,-0.11
2015-09-14 15:35:00,69,0.055175599198,0.0721062795881,0,-0.22,-0.11,-0.11
2015-09-14 15:40:00,63,0.055175599198,0.0721062795881,0,-0.22,-0.11,-0.11
2015-09-14 15:50:00,67,0.055175599198,0.0721062795881,0,-0.22,-0.11,-0.11
2015-09-14 15:55:00,66,0.055175599198,0.0721062795881,0,-0.22,-0.11,-0.11
2015-09-14 16:00:00,65,0.055175599198,0.0721062795881,0,-0.22,-0.11,-0.11
2015-09-14 16:05:00,67,0.055175599198,0.0721062795881,0,-0.22,-0.11,-0.11
2015-09-14 16:20:00,65,0.055175599198,0.0721062795881,0,-0.22,-0.11,-0.11
2015-09-14 16:25:00,66,0.055175599198,0.0721062795881,0,-0.22,-0.11,-0.11
2015-09-14 16:30:00,65,0.055175599198,0.0721062795881,0,-0.22,-0.11,-0.11
2015-09-14 16:35:00,64,0.0528186581413,0.0721062795881,0,-0.22,-0.11,-0.11
2015-09-14 16:40:00,66,0.0528186581413,0.0721062795881,0,-0.22,-0.11,-0.11
2015-09-14 16:45:00,62,0.0528186581413,0.0721062795881,0,-0.22,-0.11,-0.11
2015-09-14 16:50:00,65,0.0528186581413,0.0721062795881,0,-0.22,-0.11,-0.11
2015-09-14 16:55:00,67,0.0528186581413,0.0721062795881,0,-0.22,-0.11,-0.11
2015-09-14 17:00:00,59,0.0528186581413,0.0721062795881,0,-0.22,-0.11,-0.11
2015-09-14 17:05:00,36,0.0394253407742,0.0721062795881,0,-0.22,-0.11,-0.11
2015-09-14 17:10:00,21,0.158283643486,0.0721062795881,0,-0.22,-0.11,-0.11
2015-09-14 17:15:00,52,0.158283643486,1.0,0,-0.22,-0.11,-0.11
2015-09-14 17:20:00,60,0.158283643486,0.0721062795881,0,-0.22,-0.11,-0.11
2015-09-14 17:25:00,51,0.162945629647,1.0,0,-0.22,-0.11,-0.11
2015-09-14 17:30:00,68,0.162945629647,0.0480955777017,0,-0.22,-0.11,-0.11
2015-09-14 17:35:00,60,0.162945629647,0.0446958631597,0,-0.22,-0.11,-0.11
2015-09-14 17:40:00,42,0.230986337417,1.0,0,-0.22,-0.11,-0.11
2015-09-14 17:45:00,65,0.378419664476,0.0354719820563,0,-0.22,-0.11,-0.11
2015-09-14 17:50:00,59,0.378419664476,0.0480955792068,0,-0.22,-0.11,-0.11
2015-09-14 17:55:00,69,0.260889833925,0.0593111269346,0,-0.22,-0.11,-0.11
2015-09-14 18:00:00,68,0.0878500873959,0.0593111269346,0,-0.22,-0.11,-0.11
2015-09-14 18:05:00,66,0.0878500873959,0.0593111269346,0,-0.22,-0.11,-0.11
2015-09-14 18:10:00,66,0.0878500873959,0.0593111269346,0,-0.22,-0.11,-0.11
2015-09-14 18:20:00,66,0.0815523618556,0.0480955794663,0,-0.22,-0.11,-0.11
2015-09-14 18:25:00,68,0.0815523618556,0.0446958648401,0,-0.22,-0.11,-0.11
2015-09-14 18:30:00,67,0.0815523618556,0.0414607642835,0,-0.22,-0.11,-0.11
2015-09-14 18:35:00,67,0.0475796658364,0.0301030004967,0,-0.22,-0.11,-0.11
2015-09-14 18:45:00,65,0.055175599198,0.0383872046066,0,-0.22,-0.11,-0.11
2015-09-14 18:50:00,66,0.0528186581413,0.0516628430972,0,-0.22,-0.11,-0.11
2015-09-14 19:01:00,68,0.0528186581413,0.0633973749444,0,-0.22,-0.11,-0.11
2015-09-14 19:05:00,68,0.0528186581413,0.0633973749444,0,-0.22,-0.11,-0.11
2015-09-14 19:15:00,66,0.0505290130738,0.0633973749444,0,-0.22,-0.11,-0.11
2015-09-14 19:20:00,69,0.0505290130738,0.0633973749444,0,-0.22,-0.11,-0.11
2015-09-14 19:30:00,64,0.0505290130738,0.0676616526396,0,-0.22,-0.11,-0.11
2015-09-14 19:35:00,68,0.0505290130738,0.0721062795881,0,-0.22,-0.11,-0.11
2015-09-14 19:45:00,65,0.0505290130738,0.0721062795881,0,-0.22,-0.11,-0.11
2015-09-14 20:00:00,65,0.0505290130738,0.0721062795881,0,-0.22,-0.11,-0.11
2015-09-14 20:10:00,66,0.0505290130738,0.0721062795881,0,-0.22,-0.11,-0.11
2015-09-14 20:15:00,58,0.0528186581413,0.0721062795881,0,-0.22,-0.11,-0.11
2015-09-14 20:20:00,71,0.0528186581413,0.0721062795881,0,-0.22,-0.11,-0.11
2015-09-14 20:25:00,61,0.0528186581413,0.0721062795881,0,-0.22,-0.11,-0.11
2015-09-14 20:30:00,72,0.055175599198,0.0721062795881,0,-0.22,-0.11,-0.11
2015-09-14 20:35:00,64,0.0528186581413,0.0721062795881,0,-0.22,-0.11,-0.11
2015-09-14 20:40:00,64,0.0528186581413,0.0721062795881,0,-0.22,-0.11,-0.11
2015-09-14 20:45:00,67,0.0528186581413,0.0721062795881,0,-0.22,-0.11,-0.11
2015-09-14 20:50:00,65,0.0528186581413,0.0676616526396,0,-0.22,-0.11,-0.11
2015-09-14 21:30:00,65,0.0528186581413,0.0633973749444,0,-0.22,-0.11,-0.11
2015-09-14 21:35:00,65,0.0528186581413,0.0633973749444,0,-0.22,-0.11,-0.11
2015-09-14 21:45:00,74,0.0528186581413,0.0633973749444,0,-0.22,-0.11,-0.11
2015-09-14 22:06:00,61,0.0483059884617,0.059311124909,0,-0.22,-0.11,-0.11
2015-09-14 22:21:00,60,0.0420295819153,0.0516628433693,0,-0.22,-0.11,-0.11
2015-09-14 22:30:00,64,0.0420295819153,0.0446958631597,0,-0.22,-0.11,-0.11
2015-09-14 22:40:00,66,0.0440569986806,0.0383872048296,0,-0.22,-0.11,-0.11
2015-09-14 22:45:00,66,0.0440569986806,0.0354719808303,0,-0.22,-0.11,-0.11
2015-09-14 22:50:00,70,0.0440569986806,0.0354719808303,0,-0.22,-0.11,-0.11
2015-09-15 03:45:00,62,0.0381651189816,0.0383872048296,0,-0.22,-0.11,-0.11
2015-09-15 04:10:00,64,0.0345491889206,0.0414607626856,0,-0.22,-0.11,-0.11
2015-09-15 04:31:00,61,0.0357272889979,0.0414607626856,0,-0.22,-0.11,-0.11
2015-09-15 04:55:00,90,1.0,0.0354719808303,0,-0.22,-0.11,-0.11
2015-09-15 05:26:00,60,0.378419664476,0.0354719808303,0,-0.22,-0.11,-0.11
2015-09-15 05:31:00,66,0.355881742158,0.0354719808303,0,-0.22,-0.11,-0.11
2015-09-15 05:41:00,63,0.363308252982,0.0354719808303,0,-0.22,-0.11,-0.11
2015-09-15 05:46:00,76,0.401734170666,0.0327117420414,0,-0.22,-0.11,-0.11
2015-09-15 05:51:00,56,0.485087625498,0.0327117420414,0,-0.22,-0.11,-0.11
2015-09-15 06:05:00,72,0.530034035227,0.0301030003078,0,-0.22,-0.11,-0.11
2015-09-15 06:45:00,66,0.299999996735,0.0327117434011,0,-0.22,-0.11,-0.11
2015-09-15 07:06:00,67,0.493902033139,0.0327117434011,0,-0.22,-0.11,-0.11
2015-09-15 07:11:00,63,0.459168008486,0.0327117434011,0,-0.22,-0.11,-0.11
2015-09-15 07:16:00,67,0.203169815035,0.0327117420414,0,-0.22,-0.11,-0.11
2015-09-15 07:21:00,70,0.0543824335989,0.0327117420414,0,-0.22,-0.11,-0.11
2015-09-15 07:26:00,70,0.0567846042994,0.0354719806189,0,-0.22,-0.11,-0.11
2015-09-15 07:31:00,71,0.0543824335989,0.0414607624506,0,-0.22,-0.11,-0.11
2015-09-15 07:46:00,62,0.0454443824953,0.0516628433693,0,-0.22,-0.11,-0.11
2015-09-15 07:51:00,69,0.0328323574358,0.0554004661946,0,-0.22,-0.11,-0.11
2015-09-15 07:56:00,67,0.042029582064,0.059311124909,0,-0.22,-0.11,-0.11
2015-09-15 08:11:00,66,0.042029582064,0.0633973749444,0,-0.22,-0.11,-0.11
2015-09-15 08:21:00,65,0.044056998834,0.0633973749444,0,-0.22,-0.11,-0.11
2015-09-15 08:26:00,61,0.0483059884617,0.0633973749444,0,-0.22,-0.11,-0.11
2015-09-15 08:31:00,68,0.0483059884617,0.0633973749444,0,-0.22,-0.11,-0.11
2015-09-15 08:41:00,66,0.0505290130738,0.0676616526396,0,-0.22,-0.11,-0.11
2015-09-15 08:46:00,67,0.0505290130738,0.0721062795881,0,-0.22,-0.11,-0.11
2015-09-15 08:51:00,66,0.0461488889159,0.0721062795881,0,-0.22,-0.11,-0.11
2015-09-15 08:56:00,66,0.0483059884617,0.0721062795881,0,-0.22,-0.11,-0.11
2015-09-15 09:01:00,70,0.0461488889159,0.0721062795881,0,-0.22,-0.11,-0.11
2015-09-15 09:06:00,71,0.0461488889159,0.0721062795881,0,-0.22,-0.11,-0.11
2015-09-15 09:16:00,65,0.0472468934736,0.0760751600139,0,-0.22,-0.11,-0.11
2015-09-15 09:21:00,63,0.0472468934736,0.0760751600139,0,-0.22,-0.11,-0.11
2015-09-15 09:31:00,63,0.0472468934736,0.0760751600139,0,-0.22,-0.11,-0.11
2015-09-15 09:36:00,63,0.0472468934736,0.0760751600139,0,-0.22,-0.11,-0.11
2015-09-15 09:41:00,62,0.0472468934736,0.0760751600139,0,-0.22,-0.11,-0.11
2015-09-15 09:46:00,65,0.049228396589,0.0760751600139,0,-0.22,-0.11,-0.11
2015-09-15 09:51:00,61,0.0533548864662,0.0760751600139,0,-0.22,-0.11,-0.11
2015-09-15 10:01:00,72,0.0533548864662,0.0760751600139,0,-0.22,-0.11,-0.11
2015-09-15 10:16:00,67,0.0555008823246,0.0760751600139,0,-0.22,-0.11,-0.11
2015-09-15 10:26:00,66,0.0555008823246,0.0760751600139,0,-0.22,-0.11,-0.11
2015-09-15 10:31:00,74,0.0555008823246,0.0760751600139,0,-0.22,-0.11,-0.11
2015-09-15 10:36:00,66,0.0555008823246,0.0760751600139,0,-0.22,-0.11,-0.11
2015-09-15 10:41:00,70,0.0555008823246,0.0760751600139,0,-0.22,-0.11,-0.11
2015-09-15 10:46:00,67,0.0555008823246,0.0760751600139,0,-0.22,-0.11,-0.11
2015-09-15 11:06:00,68,0.0555008823246,0.0760751600139,0,-0.22,-0.11,-0.11
2015-09-15 11:11:00,66,0.0555008823246,0.0760751600139,0,-0.22,-0.11,-0.11
2015-09-15 11:16:00,65,0.0555008823246,0.0760751600139,0,-0.22,-0.11,-0.11
2015-09-15 11:21:00,60,0.0555008823246,0.0760751600139,0,-0.22,-0.11,-0.11
2015-09-15 11:31:00,66,0.0555008823246,0.0760751600139,0,-0.22,-0.11,-0.11
2015-09-15 11:36:00,67,0.0555008823246,0.0760751600139,0,-0.22,-0.11,-0.11
2015-09-15 11:41:00,66,0.0555008823246,0.0760751600139,0,-0.22,-0.11,-0.11
2015-09-15 11:46:00,67,0.0555008823246,0.0760751600139,0,-0.22,-0.11,-0.11
2015-09-15 11:51:00,66,0.0555008823246,0.0760751600139,0,-0.22,-0.11,-0.11
2015-09-15 11:56:00,67,0.0555008823246,0.0760751600139,0,-0.22,-0.11,-0.11
2015-09-15 12:06:00,69,0.0555008823246,0.0760751600139,0,-0.22,-0.11,-0.11
2015-09-15 12:11:00,69,0.0555008823246,0.0760751600139,0,-0.22,-0.11,-0.11
2015-09-15 12:16:00,71,0.0555008823246,0.0760751600139,0,-0.22,-0.11,-0.11
2015-09-15 12:21:00,64,0.0555008823246,0.0760751600139,0,-0.22,-0.11,-0.11
2015-09-15 12:26:00,69,0.0555008823246,0.0760751600139,0,-0.22,-0.11,-0.11
2015-09-15 12:31:00,68,0.0555008823246,0.0760751600139,0,-0.22,-0.11,-0.11
2015-09-15 12:36:00,67,0.0555008823246,0.0760751600139,0,-0.22,-0.11,-0.11
2015-09-15 12:41:00,66,0.0555008823246,0.0760751600139,0,-0.22,-0.11,-0.11
2015-09-15 12:46:00,68,0.0555008823246,0.0760751600139,0,-0.22,-0.11,-0.11
2015-09-15 12:51:00,72,0.0555008823246,0.0760751600139,0,-0.22,-0.11,-0.11
2015-09-15 12:56:00,66,0.0555008823246,0.0760751600139,0,-0.22,-0.11,-0.11
2015-09-15 13:01:00,62,0.0555008823246,0.0760751600139,0,-0.22,-0.11,-0.11
2015-09-15 13:06:00,71,0.0555008823246,0.0760751600139,0,-0.22,-0.11,-0.11
2015-09-15 13:11:00,74,0.0555008823246,0.0760751600139,0,-0.22,-0.11,-0.11
2015-09-15 13:16:00,65,0.0555008823246,0.0760751600139,0,-0.22,-0.11,-0.11
2015-09-15 13:21:00,61,0.0555008823246,0.0760751600139,0,-0.22,-0.11,-0.11
2015-09-15 13:26:00,63,0.0555008823246,0.0760751600139,1,1.0,1.0,1.0
2015-09-15 13:31:00,66,0.0555008823246,0.0760751600139,1,0.997467323774,0.997467323774,0.997467323774
2015-09-15 13:36:00,63,0.0555008823246,0.0760751600139,1,0.994466345384,0.994466345384,0.994466345384
2015-09-15 13:41:00,60,0.0555008823246,0.0760751600139,1,0.990912297135,0.990912297135,0.990912297135
2015-09-15 13:46:00,59,0.0555008823246,0.0760751600139,1,0.986705805895,0.986705805895,0.986705805895
2015-09-15 13:51:00,60,0.0555008823246,0.0760751600139,1,0.98173067548,0.98173067548,0.98173067548
2015-09-15 13:54:00,56,0.0512642238567,0.0760751600139,1,0.975851455089,0.975851455089,0.975851455089
2015-09-15 13:59:00,49,0.0381353921003,0.0760751600139,1,0.968910827501,0.968910827501,0.968910827501
2015-09-15 14:04:00,43,0.0593467153361,0.0760751600139,1,0.960726881431,0.960726881431,0.960726881431
2015-09-15 14:09:00,59,0.189804504834,0.0760751600139,1,0.951090375289,0.951090375289,0.951090375289
2015-09-15 14:14:00,51,0.19449966624,0.0760751600139,1,0.939762157355,0.939762157355,0.939762157355
2015-09-15 14:19:00,42,0.296681945967,0.0664356636424,1,0.926470982694,0.926470982694,0.926470982694
2015-09-15 14:24:00,25,0.594671388944,0.0423716328688,1,0.910912061448,0.910912061448,0.910912061448
2015-09-15 14:29:00,10,1.0,1.0,1,0.892746785547,0.892746785547,0.892746785547
2015-09-15 14:34:00,8,0.299999996735,1.0,1,0.871604206333,0.871604206333,0.871604206333
2015-09-15 14:39:00,46,0.299999996735,1.0,1,0.847084961863,0.847084961863,0.847084961863
2015-09-15 14:44:00,65,0.299999996735,0.299999996735,1,0.818768457918,0.818768457918,0.818768457918
2015-09-15 14:49:00,68,0.299999996735,0.299999996735,1,0.786224155844,0.786224155844,0.786224155844
2015-09-15 14:54:00,67,0.299999996735,0.299999996735,1,0.749027764004,0.749027764004,0.749027764004
2015-09-15 14:59:00,64,0.299999996735,0.299999996735,1,0.706782906333,0.706782906333,0.706782906333
2015-09-15 15:04:00,67,0.299999996735,0.299999996735,1,0.659148386645,0.659148386645,0.659148386645
2015-09-15 15:09:00,62,0.299999996735,0.299999996735,1,0.605870432503,0.605870432503,0.605870432503
2015-09-15 15:14:00,66,0.308890434415,0.299999996735,1,0.546818284629,0.546818284629,0.546818284629
2015-09-15 15:24:00,68,0.189804512474,0.299999996735,1,0.482020276974,0.482020276974,0.482020276974
2015-09-15 15:34:00,65,0.0938096952706,0.299999996735,1,0.411696322647,0.411696322647,0.411696322647
2015-09-15 15:39:00,65,0.0492283964394,0.299999996735,1,0.336281795347,0.336281795347,0.336281795347
2015-09-15 15:44:00,68,0.0555008823246,0.299999996735,1,0.256437561961,0.256437561961,0.256437561961
2015-09-15 15:49:00,66,0.0555008823246,0.299999996735,1,0.173041730291,0.173041730291,0.173041730291
2015-09-15 15:54:00,64,0.0555008823246,0.212164937729,1,0.0871606838341,0.0871606838341,0.0871606838341
2015-09-15 15:59:00,64,0.0555008823246,0.17653125545,0,-0.0195908258345,-0.00979541291727,-0.00979541291727
2015-09-15 16:04:00,63,0.0555008823246,0.0496090171673,0,-0.0388733949185,-0.0194366974592,-0.0194366974592
2015-09-15 16:09:00,63,0.0555008823246,0.0664356636424,0,-0.0575585513263,-0.0287792756632,-0.0287792756632
2015-09-15 16:14:00,67,0.0555008823246,0.0760751600139,0,-0.0753928795324,-0.0376964397662,-0.0376964397662
2015-09-15 16:19:00,63,0.0555008823246,0.0760751600139,0,-0.0921709511644,-0.0460854755822,-0.0460854755822
2015-09-15 16:24:00,66,0.0555008823246,0.0760751600139,0,-0.107742138094,-0.0538710690471,-0.0538710690471
2015-09-15 16:29:00,67,0.0555008823246,0.0760751600139,0,-0.122011938917,-0.0610059694584,-0.0610059694584
2015-09-15 16:34:00,65,0.0555008823246,0.0760751600139,0,-0.134938597287,-0.0674692986435,-0.0674692986435
2015-09-15 16:39:00,65,0.0555008823246,0.0760751600139,0,-0.146526305971,-0.0732631529854,-0.0732631529854
2015-09-15 16:44:00,64,0.0555008823246,0.0760751600139,0,-0.156816453751,-0.0784082268753,-0.0784082268753
2015-09-15 16:49:00,69,0.0555008823246,0.0760751600139,0,-0.165878247504,-0.082939123752,-0.082939123752
2015-09-15 16:54:00,65,0.0555008823246,0.0760751600139,0,-0.173799742591,-0.0868998712955,-0.0868998712955
2015-09-15 16:59:00,65,0.0555008823246,0.0760751600139,0,-0.180679955706,-0.0903399778532,-0.0903399778532
2015-09-15 17:04:00,62,0.0555008823246,0.0760751600139,0,-0.186622400791,-0.0933112003953,-0.0933112003953
2015-09-15 17:09:00,57,0.0533548864662,0.0760751600139,0,-0.191730127124,-0.0958650635622,-0.0958650635622
2015-09-15 17:14:00,52,0.047246893328,0.0760751600139,0,-0.196102162902,-0.0980510814508,-0.0980510814508
2015-09-15 17:19:00,51,0.0416230130464,0.0760751600139,0,-0.199831169515,-0.0999155847574,-0.0999155847574
2015-09-15 17:24:00,62,0.0416230130464,0.0760751600139,0,-0.20300207349,-0.101501036745,-0.101501036745
2015-09-15 17:29:00,59,0.0398534214579,0.0760751600139,0,-0.205691444677,-0.102845722339,-0.102845722339
2015-09-15 17:39:00,68,0.0398534214579,0.0760751600139,0,-0.20796741381,-0.103983706905,-0.103983706905
2015-09-15 17:44:00,64,0.0398534214579,0.0760751600139,0,-0.20988995724,-0.10494497862,-0.10494497862
2015-09-15 17:49:00,65,0.0398534214579,0.0760751600139,0,-0.211511413201,-0.105755706601,-0.105755706601
2015-09-15 17:54:00,66,0.0398534214579,0.0760751600139,0,-0.212877127673,-0.106438563837,-0.106438563837
2015-09-15 17:59:00,67,0.0398534214579,0.0760751600139,0,-0.214026156545,-0.107013078272,-0.107013078272
2015-09-15 18:04:00,63,0.0416230130464,0.0760751600139,0,-0.214991973799,-0.1074959869,-0.1074959869
2015-09-15 18:14:00,59,0.047246893328,0.0711508414933,0,-0.21580315306,-0.10790157653,-0.10790157653
2015-09-15 18:19:00,68,0.0533548864662,0.0664356636424,0,-0.216484002901,-0.108242001451,-0.108242001451
2015-09-15 18:24:00,66,0.0533548864662,0.06192687161,0,-0.217055145593,-0.108527572797,-0.108527572797
2015-09-15 18:29:00,66,0.0555008823246,0.06192687161,0,-0.217534035351,-0.108767017675,-0.108767017675
2015-09-15 18:34:00,65,0.0555008823246,0.06192687161,0,-0.217935416335,-0.108967708168,-0.108967708168
2015-09-15 18:39:00,64,0.0555008823246,0.06192687161,0,-0.218271723265,-0.109135861633,-0.109135861633
2015-09-15 18:44:00,70,0.0515841534914,0.0453968790902,0,-0.21855342899,-0.109276714495,-0.109276714495
2015-09-15 18:49:00,67,0.0515841534914,0.0453968790902,0,-0.218789344073,-0.109394672037,-0.109394672037
2015-09-15 18:54:00,63,0.049943313878,0.0453968790902,0,-0.218986873655,-0.109493436828,-0.109493436828
2015-09-15 19:04:00,64,0.049943313878,0.0453968790902,0,-0.219152236748,-0.109576118374,-0.109576118374
2015-09-15 19:09:00,65,0.049943313878,0.0473649543233,0,-0.219290652791,-0.109645326395,-0.109645326395
2015-09-15 19:14:00,64,0.0483374038889,0.0493889819561,0,-0.219406499905,-0.109703249952,-0.109703249952
2015-09-15 19:19:00,60,0.0483374038889,0.051469516986,0,-0.219503448821,-0.109751724411,-0.109751724411
2015-09-15 19:24:00,65,0.0483374038889,0.051469516986,0,-0.219584575994,-0.109792287997,-0.109792287997
2015-09-15 19:29:00,69,0.0483374038889,0.051469516986,0,-0.219652458986,-0.109826229493,-0.109826229493
2015-09-15 19:34:00,63,0.0483374038889,0.051469516986,0,-0.21970925679,-0.109854628395,-0.109854628395
2015-09-15 19:39:00,59,0.0483374038889,0.051469516986,0,-0.2197567774,-0.1098783887,-0.1098783887
2015-09-15 19:44:00,69,0.0483374038889,0.051469516986,0,-0.219796534583,-0.109898267292,-0.109898267292
2015-09-15 19:49:00,60,0.049943313878,0.051469516986,0,-0.21982979557,-0.109914897785,-0.109914897785
2015-09-15 19:54:00,60,0.0483374038889,0.051469516986,0,-0.219857621062,-0.109928810531,-0.109928810531
2015-09-15 19:59:00,59,0.046766157524,0.051469516986,0,-0.219880898798,-0.109940449399,-0.109940449399
2015-09-15 20:09:00,62,0.0483374038889,0.051469516986,0,-0.219900371685,-0.109950185843,-0.109950185843
2015-09-15 20:14:00,61,0.0483374038889,0.051469516986,0,-0.219916661385,-0.109958330692,-0.109958330692
2015-09-15 20:24:00,58,0.046766157524,0.051469516986,0,-0.219930288064,-0.109965144032,-0.109965144032
2015-09-15 20:29:00,63,0.0452293031975,0.051469516986,0,-0.219941686943,-0.109970843471,-0.109970843471
2015-09-15 20:34:00,65,0.0452293031975,0.051469516986,0,-0.219951222152,-0.109975611076,-0.109975611076
2015-09-15 20:49:00,57,0.0452293031975,0.051469516986,0,-0.219959198331,-0.109979599166,-0.109979599166
2015-09-15 20:54:00,62,0.0452293031975,0.051469516986,0,-0.219965870343,-0.109982935171,-0.109982935171
2015-09-15 20:59:00,62,0.0452293031975,0.051469516986,0,-0.219971451398,-0.109985725699,-0.109985725699
2015-09-15 21:04:00,62,0.046766157524,0.051469516986,0,-0.21997611986,-0.10998805993,-0.10998805993
2015-09-15 21:19:00,64,0.0483374038889,0.051469516986,0,-0.219980024938,-0.109990012469,-0.109990012469
2015-09-15 21:29:00,63,0.0483374038889,0.051469516986,0,-0.219983291449,-0.109991645725,-0.109991645725
2015-09-15 22:09:00,57,0.042257655984,0.051469516986,0,-0.219986023807,-0.109993011903,-0.109993011903
2015-09-15 22:34:00,59,0.0408222914015,0.0493889819561,0,-0.219988309353,-0.109994154676,-0.109994154676
2015-09-15 22:39:00,63,0.042257655984,0.0453968790902,0,-0.219990221148,-0.109995110574,-0.109995110574
2015-09-15 22:44:00,67,0.0408222914015,0.0434841864543,0,-0.21999182031,-0.109995910155,-0.109995910155
2015-09-15 23:19:00,65,0.0380510073653,0.0434841864543,0,-0.21999315796,-0.10999657898,-0.10999657898
2015-09-15 23:24:00,61,0.0354102840345,0.0434841864543,0,-0.219994276863,-0.109997138432,-0.109997138432
2015-09-15 23:29:00,61,0.0341380979245,0.0434841864543,0,-0.21999521279,-0.109997606395,-0.109997606395
2015-09-15 23:34:00,60,0.0316884546372,0.0434841864543,0,-0.219995995663,-0.109997997831,-0.109997997831
2015-09-16 00:49:00,67,0.0320432218255,0.0434841864543,0,-0.21999665051,-0.109998325255,-0.109998325255
2015-09-16 01:44:00,57,0.0472277911887,0.0398225944367,0,-0.219997198268,-0.109998599134,-0.109998599134
2015-09-16 02:19:00,59,0.0790052017335,0.0363753158177,0,-0.219997656448,-0.109998828224,-0.109998828224
2015-09-16 03:04:00,60,0.124720821194,0.0380724795294,0,-0.219998039701,-0.109999019851,-0.109999019851
2015-09-16 04:44:00,58,0.139750349307,0.0347304565306,0,-0.219998360279,-0.109999180139,-0.109999180139
2015-09-16 05:09:00,66,0.149267961805,0.0315949847456,0,-0.219998628431,-0.109999314215,-0.109999314215
2015-09-16 05:19:00,69,0.146053504987,0.0347304572302,0,-0.219998852731,-0.109999426365,-0.109999426365
2015-09-16 05:29:00,62,0.139750349307,0.0398225953369,0,-0.21999904035,-0.109999520175,-0.109999520175
2015-09-16 05:39:00,65,0.136661431472,0.0453968802178,0,-0.219999197287,-0.109999598643,-0.109999598643
2015-09-16 05:49:00,65,0.136661431472,0.0493889831487,0,-0.219999328559,-0.109999664279,-0.109999664279
2015-09-16 06:09:00,61,0.130608349402,0.053607101098,0,-0.219999438363,-0.109999719182,-0.109999719182
2015-09-16 06:14:00,64,0.100248289574,0.0514695182116,0,-0.219999530211,-0.109999765105,-0.109999765105
2015-09-16 06:24:00,65,0.0554852454258,0.0473649554833,0,-0.219999607038,-0.109999803519,-0.109999803519
2015-09-16 06:39:00,65,0.0316884547262,0.0473649554833,0,-0.219999671301,-0.109999835651,-0.109999835651
2015-09-16 06:44:00,66,0.036714481052,0.0398225954692,0,-0.219999725055,-0.109999862528,-0.109999862528
2015-09-16 06:54:00,61,0.0408222914015,0.0347304573509,0,-0.219999770018,-0.109999885009,-0.109999885009
2015-09-16 07:19:00,64,0.042257655984,0.0315949846326,0,-0.219999807629,-0.109999903814,-0.109999903814
2015-09-16 07:24:00,69,0.042257655984,0.0363753156933,0,-0.219999839088,-0.109999919544,-0.109999919544
2015-09-16 07:29:00,59,0.0394201753493,0.0416262915884,0,-0.219999865403,-0.109999932702,-0.109999932702
2015-09-16 07:34:00,71,0.042257655984,0.0453968790902,0,-0.22,-0.11,-0.11
2015-09-16 07:44:00,66,0.0437265636702,0.0493889819561,0,-0.22,-0.11,-0.11
2015-09-16 07:49:00,66,0.0437265636702,0.051469516986,0,-0.22,-0.11,-0.11
2015-09-16 07:54:00,67,0.0437265636702,0.051469516986,0,-0.22,-0.11,-0.11
2015-09-16 07:59:00,68,0.0452293031975,0.051469516986,0,-0.22,-0.11,-0.11
2015-09-16 08:04:00,64,0.0452293031975,0.051469516986,0,-0.22,-0.11,-0.11
2015-09-16 08:09:00,68,0.046766157524,0.051469516986,0,-0.22,-0.11,-0.11
2015-09-16 08:14:00,69,0.046766157524,0.051469516986,0,-0.22,-0.11,-0.11
2015-09-16 08:19:00,71,0.046766157524,0.051469516986,0,-0.22,-0.11,-0.11
2015-09-16 08:24:00,66,0.0483374038889,0.051469516986,0,-0.22,-0.11,-0.11
2015-09-16 08:29:00,70,0.0483374038889,0.051469516986,0,-0.22,-0.11,-0.11
2015-09-16 08:39:00,71,0.0483374038889,0.051469516986,0,-0.22,-0.11,-0.11
2015-09-16 08:49:00,68,0.0483374038889,0.051469516986,0,-0.22,-0.11,-0.11
2015-09-16 08:54:00,62,0.0483374038889,0.051469516986,0,-0.22,-0.11,-0.11
2015-09-16 08:59:00,67,0.0483374038889,0.051469516986,0,-0.22,-0.11,-0.11
2015-09-16 09:04:00,63,0.049943313878,0.051469516986,0,-0.22,-0.11,-0.11
2015-09-16 09:09:00,71,0.049943313878,0.051469516986,0,-0.22,-0.11,-0.11
2015-09-16 09:14:00,64,0.049943313878,0.051469516986,0,-0.22,-0.11,-0.11
2015-09-16 09:24:00,70,0.049943313878,0.051469516986,0,-0.22,-0.11,-0.11
2015-09-16 09:34:00,67,0.0515841534914,0.051469516986,0,-0.22,-0.11,-0.11
2015-09-16 09:44:00,67,0.0515841534914,0.051469516986,0,-0.22,-0.11,-0.11
2015-09-16 09:54:00,66,0.0515841534914,0.051469516986,0,-0.22,-0.11,-0.11
2015-09-16 09:59:00,61,0.0515841534914,0.051469516986,0,-0.22,-0.11,-0.11
2015-09-16 10:04:00,69,0.0515841534914,0.051469516986,0,-0.22,-0.11,-0.11
2015-09-16 10:09:00,67,0.0515841534914,0.051469516986,0,-0.22,-0.11,-0.11
2015-09-16 10:14:00,70,0.0515841534914,0.051469516986,0,-0.22,-0.11,-0.11
2015-09-16 10:19:00,71,0.0515841534914,0.051469516986,0,-0.22,-0.11,-0.11
2015-09-16 10:24:00,67,0.0515841534914,0.051469516986,0,-0.22,-0.11,-0.11
2015-09-16 10:29:00,59,0.0515841534914,0.051469516986,0,-0.22,-0.11,-0.11
2015-09-16 10:34:00,69,0.0515841534914,0.051469516986,0,-0.22,-0.11,-0.11
2015-09-16 10:44:00,69,0.0515841534914,0.051469516986,0,-0.22,-0.11,-0.11
2015-09-16 10:49:00,68,0.0515841534914,0.051469516986,0,-0.22,-0.11,-0.11
2015-09-16 10:54:00,72,0.0515841534914,0.051469516986,0,-0.22,-0.11,-0.11
2015-09-16 10:59:00,68,0.0515841534914,0.051469516986,0,-0.22,-0.11,-0.11
2015-09-16 11:04:00,62,0.0515841534914,0.051469516986,0,-0.22,-0.11,-0.11
2015-09-16 11:09:00,64,0.0515841534914,0.051469516986,0,-0.22,-0.11,-0.11
2015-09-16 11:14:00,66,0.0515841534914,0.051469516986,0,-0.22,-0.11,-0.11
2015-09-16 11:19:00,60,0.0515841534914,0.051469516986,0,-0.22,-0.11,-0.11
2015-09-16 11:24:00,66,0.0515841534914,0.051469516986,0,-0.22,-0.11,-0.11
2015-09-16 11:29:00,71,0.0515841534914,0.051469516986,0,-0.22,-0.11,-0.11
2015-09-16 11:34:00,56,0.049943313878,0.051469516986,0,-0.22,-0.11,-0.11
2015-09-16 11:39:00,63,0.049943313878,0.051469516986,0,-0.22,-0.11,-0.11
2015-09-16 11:44:00,67,0.049943313878,0.051469516986,0,-0.22,-0.11,-0.11
2015-09-16 11:49:00,64,0.049943313878,0.051469516986,0,-0.22,-0.11,-0.11
2015-09-16 11:59:00,67,0.049943313878,0.051469516986,0,-0.22,-0.11,-0.11
2015-09-16 12:04:00,62,0.049943313878,0.051469516986,0,-0.22,-0.11,-0.11
2015-09-16 12:14:00,65,0.049943313878,0.051469516986,0,-0.22,-0.11,-0.11
2015-09-16 12:19:00,66,0.0496122750372,0.0529929093762,0,-0.22,-0.11,-0.11
2015-09-16 12:24:00,65,0.0496122750372,0.0529929093762,0,-0.22,-0.11,-0.11
2015-09-16 12:29:00,73,0.0496122750372,0.0529929093762,0,-0.22,-0.11,-0.11
2015-09-16 12:34:00,67,0.051306999677,0.0529929093762,0,-0.22,-0.11,-0.11
2015-09-16 12:39:00,62,0.051306999677,0.0529929093762,0,-0.22,-0.11,-0.11
2015-09-16 12:44:00,68,0.051306999677,0.0529929093762,0,-0.22,-0.11,-0.11
2015-09-16 12:49:00,62,0.051306999677,0.0529929093762,0,-0.22,-0.11,-0.11
2015-09-16 12:54:00,67,0.051306999677,0.0529929093762,0,-0.22,-0.11,-0.11
2015-09-16 12:59:00,63,0.051306999677,0.0529929093762,0,-0.22,-0.11,-0.11
2015-09-16 13:04:00,68,0.051306999677,0.0529929093762,1,1.0,1.0,1.0
2015-09-16 13:09:00,69,0.051306999677,0.0529929093762,1,0.997467323774,0.997467323774,0.997467323774
2015-09-16 13:14:00,69,0.051306999677,0.0529929093762,1,0.994466345384,0.994466345384,0.994466345384
2015-09-16 13:19:00,65,0.051306999677,0.0529929093762,1,0.990912297135,0.990912297135,0.990912297135
2015-09-16 13:24:00,61,0.051306999677,0.0529929093762,1,0.986705805895,0.986705805895,0.986705805895
2015-09-16 13:29:00,73,0.051306999677,0.0529929093762,1,0.98173067548,0.98173067548,0.98173067548
2015-09-16 13:34:00,66,0.051306999677,0.0529929093762,1,0.975851455089,0.975851455089,0.975851455089
2015-09-16 13:39:00,51,0.0479550514008,0.0529929093762,1,0.968910827501,0.968910827501,0.968910827501
2015-09-16 13:44:00,50,0.0373786584419,0.0529929093762,1,0.960726881431,0.960726881431,0.960726881431
2015-09-16 13:49:00,34,0.0508171598173,0.0529929093762,1,0.951090375289,0.951090375289,0.951090375289
2015-09-16 13:54:00,24,0.151599754139,0.0529929093762,1,0.939762157355,0.939762157355,0.939762157355
2015-09-16 13:59:00,7,0.224236741765,0.0464459300186,1,0.926470982694,0.926470982694,0.926470982694
2015-09-16 14:04:00,14,0.293550762703,0.0529929074752,1,0.910912061448,0.910912061448,0.910912061448
2015-09-16 14:09:00,7,0.420873883039,0.195586714804,1,0.892746785547,0.892746785547,0.892746785547
2015-09-16 14:14:00,32,0.53162489182,1.0,1,0.871604206333,0.871604206333,0.871604206333
2015-09-16 14:19:00,17,0.299999996735,1.0,1,0.847084961863,0.847084961863,0.847084961863
2015-09-16 14:24:00,8,0.299999996735,1.0,1,0.818768457918,0.818768457918,0.818768457918
2015-09-16 14:29:00,6,0.299999996735,1.0,1,0.786224155844,0.786224155844,0.786224155844
2015-09-16 14:30:00,8,0.299999996735,1.0,1,0.749027764004,0.749027764004,0.749027764004
2015-09-16 14:35:00,20,0.299999996735,0.299999996735,1,0.706782906333,0.706782906333,0.706782906333
2015-09-16 14:40:00,8,0.4842952828,0.299999996735,1,0.659148386645,0.659148386645,0.659148386645
2015-09-16 14:45:00,23,0.414802033349,0.299999996735,1,0.605870432503,0.605870432503,0.605870432503
2015-09-16 14:50:00,74,0.471217122262,0.299999996735,1,0.546818284629,0.546818284629,0.546818284629
2015-09-16 14:55:00,65,0.334924775157,0.299999996735,1,0.482020276974,0.482020276974,0.482020276974
2015-09-16 15:00:00,67,0.250678234019,0.299999996735,1,0.411696322647,0.411696322647,0.411696322647
2015-09-16 15:05:00,74,0.161963214645,0.299999996735,1,0.336281795347,0.336281795347,0.336281795347
2015-09-16 15:10:00,59,0.108573866763,0.299999996735,1,0.256437561961,0.256437561961,0.256437561961
2015-09-16 15:15:00,65,0.0952898741159,0.299999996735,1,0.173041730291,0.173041730291,0.173041730291
2015-09-16 15:20:00,64,0.0854297177852,0.299999996735,1,0.0871606838341,0.0871606838341,0.0871606838341
2015-09-16 15:25:00,64,0.0656695729517,0.299999996735,0,-0.0195908258345,-0.00979541291727,-0.00979541291727
2015-09-16 15:30:00,68,0.0560963833367,0.299999996735,0,-0.0388733949185,-0.0194366974592,-0.0194366974592
2015-09-16 15:35:00,73,0.0427685899597,0.299999996735,0,-0.0575585513263,-0.0287792756632,-0.0287792756632
2015-09-16 15:40:00,71,0.051306999677,0.355944816759,0,-0.0753928795324,-0.0376964397662,-0.0376964397662
2015-09-16 15:45:00,67,0.051306999677,0.18549346305,0,-0.0921709511644,-0.0460854755822,-0.0460854755822
2015-09-16 15:50:00,66,0.051306999677,0.088264242798,0,-0.107742138094,-0.0538710690471,-0.0538710690471
2015-09-16 15:55:00,68,0.051306999677,0.0316855137837,0,-0.122011938917,-0.0610059694584,-0.0610059694584
2015-09-16 16:00:00,65,0.051306999677,0.0485648441163,1,1.0,1.0,1.0
2015-09-16 16:05:00,57,0.051306999677,0.0529929093762,1,0.997467323774,0.997467323774,0.997467323774
2015-09-16 16:10:00,70,0.051306999677,0.0529929093762,1,0.994466345384,0.994466345384,0.994466345384
2015-09-16 16:15:00,66,0.051306999677,0.0529929093762,1,0.990912297135,0.990912297135,0.990912297135
2015-09-16 16:20:00,66,0.051306999677,0.0529929093762,1,0.986705805895,0.986705805895,0.986705805895
2015-09-16 16:25:00,65,0.051306999677,0.0529929093762,1,0.98173067548,0.98173067548,0.98173067548
2015-09-16 16:30:00,66,0.051306999677,0.0529929093762,1,0.975851455089,0.975851455089,0.975851455089
2015-09-16 16:35:00,64,0.051306999677,0.0529929093762,1,0.968910827501,0.968910827501,0.968910827501
2015-09-16 16:40:00,55,0.051306999677,0.0529929093762,1,0.960726881431,0.960726881431,0.960726881431
2015-09-16 16:45:00,30,0.035624120457,0.0529929093762,1,0.951090375289,0.951090375289,0.951090375289
2015-09-16 16:50:00,11,0.119981295274,0.0507469540458,1,0.939762157355,0.939762157355,0.939762157355
2015-09-16 16:55:00,12,0.148236033484,0.0423949998447,1,0.926470982694,0.926470982694,0.926470982694
2015-09-16 17:00:00,33,0.283688711242,0.0385885938324,1,0.910912061448,0.910912061448,0.910912061448
2015-09-16 17:05:00,43,0.414802027942,0.119660814667,1,0.892746785547,0.892746785547,0.892746785547
2015-09-16 17:10:00,1,1.0,0.170940896092,1,0.871604206333,0.871604206333,0.871604206333
2015-09-16 17:15:00,19,0.299999996735,0.233404239669,1,0.847084961863,0.847084961863,0.847084961863
2015-09-16 17:20:00,23,0.299999996735,0.348760753543,1,0.818768457918,0.818768457918,0.818768457918
2015-09-16 17:25:00,53,0.299999996735,0.40854371271,1,0.786224155844,0.786224155844,0.786224155844
2015-09-16 17:30:00,60,0.299999996735,0.424317186356,1,0.749027764004,0.749027764004,0.749027764004
2015-09-16 17:35:00,56,0.299999996735,0.432328526618,1,0.706782906333,0.706782906333,0.706782906333
2015-09-16 17:40:00,44,0.299999996735,0.440423035215,1,0.659148386645,0.659148386645,0.659148386645
2015-09-16 17:45:00,57,0.299999996735,0.448600783646,1,0.605870432503,0.605870432503,0.605870432503
2015-09-16 17:50:00,55,0.299999996735,0.363211216352,1,0.546818284629,0.546818284629,0.546818284629
2015-09-16 17:55:00,63,0.391004307703,0.185493455647,1,0.482020276974,0.482020276974,0.482020276974
2015-09-16 18:00:00,68,0.250678216394,0.139694690443,1,0.411696322647,0.411696322647,0.411696322647
2015-09-16 18:05:00,70,0.141644046523,0.098074865206,1,0.336281795347,0.336281795347,0.336281795347
2015-09-16 18:10:00,62,0.0677027183543,0.0485648447251,1,0.256437561961,0.256437561961,0.256437561961
2015-09-16 18:15:00,66,0.0525388080594,0.0333245152026,1,0.173041730291,0.173041730291,0.173041730291
2015-09-16 18:20:00,67,0.0525388080594,0.030102999828,1,0.0871606838341,0.0871606838341,0.0871606838341
2015-09-16 18:25:00,68,0.0525388080594,0.0316855132077,0,-0.0195908258345,-0.00979541291727,-0.00979541291727
2015-09-16 18:30:00,67,0.038376038573,0.0350208290417,0,-0.0388733949185,-0.0194366974592,-0.0194366974592
2015-09-16 18:35:00,66,0.051306999677,0.0443895443162,0,-0.0575585513263,-0.0287792756632,-0.0287792756632
2015-09-16 18:40:00,68,0.051306999677,0.0464459301741,0,-0.0753928795324,-0.0376964397662,-0.0376964397662
2015-09-16 18:45:00,69,0.051306999677,0.0464459301741,0,-0.0921709511644,-0.0460854755822,-0.0460854755822
2015-09-16 18:50:00,68,0.051306999677,0.0507469540458,0,-0.107742138094,-0.0538710690471,-0.0538710690471
2015-09-16 18:55:00,71,0.051306999677,0.0529929093762,0,-0.122011938917,-0.0610059694584,-0.0610059694584
2015-09-16 19:05:00,67,0.051306999677,0.0529929093762,0,-0.134938597287,-0.0674692986435,-0.0674692986435
2015-09-16 19:10:00,64,0.051306999677,0.0529929093762,0,-0.146526305971,-0.0732631529854,-0.0732631529854
2015-09-16 19:15:00,64,0.051306999677,0.0529929093762,0,-0.156816453751,-0.0784082268753,-0.0784082268753
2015-09-16 19:25:00,64,0.051306999677,0.0529929093762,0,-0.165878247504,-0.082939123752,-0.082939123752
2015-09-16 19:30:00,63,0.051306999677,0.0529929093762,0,-0.173799742591,-0.0868998712955,-0.0868998712955
2015-09-16 19:35:00,65,0.051306999677,0.0529929093762,0,-0.180679955706,-0.0903399778532,-0.0903399778532
2015-09-16 19:40:00,64,0.051306999677,0.0529929093762,0,-0.186622400791,-0.0933112003953,-0.0933112003953
2015-09-16 19:45:00,65,0.051306999677,0.0529929093762,0,-0.191730127124,-0.0958650635622,-0.0958650635622
2015-09-16 19:50:00,66,0.051306999677,0.0529929093762,0,-0.196102162902,-0.0980510814508,-0.0980510814508
2015-09-16 20:00:00,63,0.051306999677,0.0529929093762,0,-0.199831169515,-0.0999155847574,-0.0999155847574
2015-09-16 20:05:00,67,0.051306999677,0.0529929093762,0,-0.20300207349,-0.101501036745,-0.101501036745
2015-09-16 20:10:00,62,0.051306999677,0.0529929093762,0,-0.205691444677,-0.102845722339,-0.102845722339
2015-09-16 20:15:00,61,0.051306999677,0.0529929093762,0,-0.20796741381,-0.103983706905,-0.103983706905
2015-09-16 20:20:00,62,0.051306999677,0.0529929093762,0,-0.20988995724,-0.10494497862,-0.10494497862
2015-09-16 20:25:00,65,0.051306999677,0.0529929093762,0,-0.211511413201,-0.105755706601,-0.105755706601
2015-09-16 20:30:00,63,0.051306999677,0.0529929093762,0,-0.212877127673,-0.106438563837,-0.106438563837
2015-09-16 20:35:00,61,0.051306999677,0.0529929093762,0,-0.214026156545,-0.107013078272,-0.107013078272
2015-09-16 20:40:00,59,0.0496122750372,0.0529929093762,0,-0.214991973799,-0.1074959869,-0.1074959869
2015-09-16 20:45:00,56,0.0479550514008,0.0529929093762,0,-0.21580315306,-0.10790157653,-0.10790157653
2015-09-16 20:50:00,65,0.0483431831597,0.0426031737583,0,-0.216484002901,-0.108242001451,-0.108242001451
2015-09-16 20:55:00,63,0.0483431831597,0.0426031737583,0,-0.217055145593,-0.108527572797,-0.108527572797
2015-09-16 21:00:00,67,0.0483431831597,0.0426031737583,0,-0.217534035351,-0.108767017675,-0.108767017675
2015-09-16 21:05:00,63,0.0470550062991,0.0426031737583,0,-0.217935416335,-0.108967708168,-0.108967708168
2015-09-16 21:10:00,57,0.0421313245413,0.0426031737583,0,-0.218271723265,-0.109135861633,-0.109135861633
2015-09-16 21:15:00,58,0.0421313245413,0.0426031737583,0,-0.21855342899,-0.109276714495,-0.109276714495
2015-09-16 21:25:00,68,0.0421313245413,0.0426031737583,0,-0.218789344073,-0.109394672037,-0.109394672037
2015-09-16 21:40:00,62,0.0409568864575,0.0414797501177,0,-0.218986873655,-0.109493436828,-0.109493436828
2015-09-16 21:45:00,64,0.0421313245413,0.0414797501177,0,-0.219152236748,-0.109576118374,-0.109576118374
2015-09-16 21:55:00,66,0.0433281981754,0.0414797501177,0,-0.219290652791,-0.109645326395,-0.109645326395
2015-09-16 22:05:00,65,0.0433281981754,0.0414797501177,0,-0.219406499905,-0.109703249952,-0.109703249952
2015-09-16 22:14:00,57,0.0398047225337,0.0414797501177,0,-0.219503448821,-0.109751724411,-0.109751724411
2015-09-16 22:20:00,61,0.0398047225337,0.0414797501177,0,-0.219584575994,-0.109792287997,-0.109792287997
2015-09-16 22:25:00,58,0.0375665590932,0.0414797501177,0,-0.219652458986,-0.109826229493,-0.109826229493
2015-09-16 22:30:00,62,0.0421313243646,0.0414797501177,0,-0.21970925679,-0.109854628395,-0.109854628395
2015-09-16 22:40:00,61,0.0421313243646,0.0414797501177,0,-0.2197567774,-0.1098783887,-0.1098783887
2015-09-16 22:45:00,63,0.0421313243646,0.0414797501177,0,-0.219796534583,-0.109898267292,-0.109898267292
2015-09-16 22:55:00,59,0.0433281979953,0.0426031737583,0,-0.21982979557,-0.109914897785,-0.109914897785
2015-09-16 23:10:00,64,0.0433281979953,0.0414797501177,0,-0.219857621062,-0.109928810531,-0.109928810531
2015-09-16 23:35:00,64,0.0409568862841,0.0414797501177,0,-0.219880898798,-0.109940449399,-0.109940449399
2015-09-16 23:55:00,59,0.0375665590115,0.0414797501177,0,-0.219900371685,-0.109950185843,-0.109950185843
2015-09-17 00:10:00,66,0.0386746689169,0.0403764489929,0,-0.219916661385,-0.109958330692,-0.109958330692
2015-09-17 00:45:00,63,0.035415490746,0.0403764489929,0,-0.219930288064,-0.109965144032,-0.109965144032
2015-09-17 01:05:00,57,0.0323491469579,0.037185879733,0,-0.219941686943,-0.109970843471,-0.109970843471
2015-09-17 01:40:00,56,0.036859630839,0.0322573151217,0,-0.219951222152,-0.109975611076,-0.109975611076
2015-09-17 01:55:00,53,0.0646265335155,0.0316024243053,0,-0.219959198331,-0.109979599166,-0.109979599166
2015-09-17 02:10:00,66,0.138040014741,0.0354531971791,0,-0.219965870343,-0.109982935171,-0.109982935171
2015-09-17 02:50:00,61,0.140579377572,0.03961273783,0,-0.219971451398,-0.109985725699,-0.109985725699
2015-09-17 03:20:00,56,0.151016994198,0.0429406620919,0,-0.21997611986,-0.10998805993,-0.10998805993
2015-09-17 04:35:00,58,0.167520236119,0.0514223956573,0,-0.219980024938,-0.109990012469,-0.109990012469
2015-09-17 04:55:00,62,0.159141010727,0.0567326064582,0,-0.219983291449,-0.109991645725,-0.109991645725
2015-09-17 05:10:00,64,0.15369673331,0.0581140294627,0,-0.219986023807,-0.109993011903,-0.109993011903
2015-09-17 05:15:00,65,0.145742033292,0.0609423117609,0,-0.219988309353,-0.109994154676,-0.109994154676
2015-09-17 05:30:00,73,0.135528546342,0.0595172276883,0,-0.219990221148,-0.109995110574,-0.109995110574
2015-09-17 05:35:00,63,0.118723926476,0.0553728466024,0,-0.21999182031,-0.109995910155,-0.109995910155
2015-09-17 05:40:00,63,0.0797901150131,0.05014812847,0,-0.21999315796,-0.10999657898,-0.10999657898
2015-09-17 05:45:00,66,0.030744563235,0.0452605455845,0,-0.219994276863,-0.109997138432,-0.109997138432
2015-09-17 05:50:00,62,0.030744563235,0.0407019745416,0,-0.21999521279,-0.109997606395,-0.109997606395
2015-09-17 05:55:00,72,0.0323491472531,0.036463760731,0,-0.219995995663,-0.109997997831,-0.109997997831
2015-09-17 06:15:00,56,0.0364802238727,0.0304185215864,0,-0.21999665051,-0.109998325255,-0.109998325255
2015-09-17 06:20:00,52,0.0379536006926,0.0341712793093,0,-0.219997198268,-0.109998599134,-0.109998599134
2015-09-17 06:25:00,61,0.091051555198,0.0361616570698,0,-0.219997656448,-0.109998828224,-0.109998828224
2015-09-17 06:30:00,51,0.10115843837,0.0382296560795,0,-0.219998039701,-0.109999019851,-0.109999019851
2015-09-17 06:40:00,64,0.0990839245172,0.0403764489929,0,-0.219998360279,-0.109999180139,-0.109999180139
2015-09-17 06:55:00,60,0.095014776699,0.0426031737583,0,-0.219998628431,-0.109999314215,-0.109999314215
2015-09-17 07:00:00,59,0.0910515550523,0.0426031737583,0,-0.219998852731,-0.109999426365,-0.109999426365
2015-09-17 07:05:00,38,0.153696738528,0.0426031737583,0,-0.21999904035,-0.109999520175,-0.109999520175
2015-09-17 07:10:00,53,0.280705463049,0.0392931312873,0,-0.219999197287,-0.109999598643,-0.109999598643
2015-09-17 07:15:00,56,0.2884241443,0.0361616569187,0,-0.219999328559,-0.109999664279,-0.109999664279
2015-09-17 07:25:00,53,0.284549882869,0.0332048221595,0,-0.219999438363,-0.109999719182,-0.109999719182
2015-09-17 07:35:00,68,0.23688946741,0.0304185213179,0,-0.219999530211,-0.109999765105,-0.109999765105
2015-09-17 07:40:00,56,0.135528553041,0.0334898206907,0,-0.219999607038,-0.109999803519,-0.109999803519
2015-09-17 07:45:00,62,0.123387408297,0.0354531974774,0,-0.219999671301,-0.109999835651,-0.109999835651
2015-09-17 07:50:00,65,0.121041954447,0.0364637612631,0,-0.219999725055,-0.109999862528,-0.109999862528
2015-09-17 07:55:00,61,0.121041954447,0.0364637612631,0,-0.219999770018,-0.109999885009,-0.109999885009
2015-09-17 08:00:00,64,0.121041954447,0.0374937749863,0,-0.219999807629,-0.109999903814,-0.109999903814
2015-09-17 08:05:00,60,0.0678202137362,0.0385433856679,0,-0.219999839088,-0.109999919544,-0.109999919544
2015-09-17 08:10:00,58,0.0398047224487,0.0354531974028,0,-0.219999865403,-0.109999932702,-0.109999932702
2015-09-17 08:15:00,62,0.0433281980854,0.0325367025408,0,-0.22,-0.11,-0.11
2015-09-17 08:20:00,67,0.0470550062991,0.0304185215192,0,-0.22,-0.11,-0.11
2015-09-17 08:25:00,61,0.0483431831597,0.0332048223734,0,-0.22,-0.11,-0.11
2015-09-17 08:30:00,59,0.0496545632691,0.0371858798101,0,-0.22,-0.11,-0.11
2015-09-17 08:35:00,60,0.0483431831597,0.0392931313673,0,-0.22,-0.11,-0.11
2015-09-17 08:40:00,59,0.0483431831597,0.0403764489929,0,-0.22,-0.11,-0.11
2015-09-17 08:45:00,59,0.0470550062991,0.0403764489929,0,-0.22,-0.11,-0.11
2015-09-17 08:50:00,63,0.0470550062991,0.0414797501177,0,-0.22,-0.11,-0.11
2015-09-17 08:55:00,55,0.0470550062991,0.0426031737583,0,-0.22,-0.11,-0.11
2015-09-17 09:00:00,54,0.0470550062991,0.0426031737583,0,-0.22,-0.11,-0.11
2015-09-17 09:05:00,64,0.0457898842502,0.0426031737583,0,-0.22,-0.11,-0.11
2015-09-17 09:10:00,63,0.0445476660478,0.0426031737583,0,-0.22,-0.11,-0.11
2015-09-17 09:15:00,67,0.0433281981754,0.0426031737583,0,-0.22,-0.11,-0.11
2015-09-17 09:20:00,62,0.0409568864575,0.0426031737583,0,-0.22,-0.11,-0.11
2015-09-17 09:25:00,67,0.0421313245413,0.0426031737583,0,-0.22,-0.11,-0.11
2015-09-17 09:30:00,65,0.0409568864575,0.0426031737583,0,-0.22,-0.11,-0.11
2015-09-17 09:35:00,63,0.0409568864575,0.0426031737583,0,-0.22,-0.11,-0.11
2015-09-17 09:40:00,61,0.0398047226187,0.0426031737583,0,-0.22,-0.11,-0.11
2015-09-17 09:45:00,69,0.0398047226187,0.0426031737583,0,-0.22,-0.11,-0.11
2015-09-17 09:50:00,65,0.0409568864575,0.0426031737583,0,-0.22,-0.11,-0.11
2015-09-17 09:55:00,63,0.0421313245413,0.0426031737583,0,-0.22,-0.11,-0.11
2015-09-17 10:00:00,65,0.0433281981754,0.0426031737583,0,-0.22,-0.11,-0.11
2015-09-17 10:05:00,71,0.0445476660478,0.0426031737583,0,-0.22,-0.11,-0.11
2015-09-17 10:10:00,66,0.0470550062991,0.0426031737583,0,-0.22,-0.11,-0.11
2015-09-17 10:15:00,64,0.0470550062991,0.0426031737583,0,-0.22,-0.11,-0.11
2015-09-17 10:20:00,61,0.0483431831597,0.0426031737583,0,-0.22,-0.11,-0.11
2015-09-17 10:25:00,65,0.0496545632691,0.0426031737583,0,-0.22,-0.11,-0.11
2015-09-17 10:30:00,65,0.0509892925622,0.0426031737583,0,-0.22,-0.11,-0.11
2015-09-17 10:35:00,62,0.0509892925622,0.0426031737583,0,-0.22,-0.11,-0.11
2015-09-17 10:45:00,64,0.0509892925622,0.0426031737583,0,-0.22,-0.11,-0.11
2015-09-17 10:50:00,61,0.0509892925622,0.0426031737583,0,-0.22,-0.11,-0.11
2015-09-17 10:55:00,59,0.0509892925622,0.0426031737583,0,-0.22,-0.11,-0.11
2015-09-17 11:00:00,64,0.0509892925622,0.0426031737583,0,-0.22,-0.11,-0.11
2015-09-17 11:05:00,55,0.0509892925622,0.0426031737583,0,-0.22,-0.11,-0.11
2015-09-17 11:10:00,62,0.0509892925622,0.0426031737583,0,-0.22,-0.11,-0.11
2015-09-17 11:15:00,61,0.0509892925622,0.0426031737583,0,-0.22,-0.11,-0.11
2015-09-17 11:20:00,66,0.0509892925622,0.0426031737583,0,-0.22,-0.11,-0.11
2015-09-17 11:25:00,61,0.0509892925622,0.0426031737583,0,-0.22,-0.11,-0.11
2015-09-17 11:30:00,69,0.0509892925622,0.0426031737583,0,-0.22,-0.11,-0.11
2015-09-17 11:35:00,66,0.0509892925622,0.0426031737583,0,-0.22,-0.11,-0.11
2015-09-17 11:40:00,68,0.0509892925622,0.0426031737583,0,-0.22,-0.11,-0.11
2015-09-17 11:45:00,69,0.0509892925622,0.0426031737583,0,-0.22,-0.11,-0.11
2015-09-17 11:50:00,66,0.0520680780732,0.0428554866227,0,-0.22,-0.11,-0.11
2015-09-17 11:55:00,66,0.0520680780732,0.0428554866227,0,-0.22,-0.11,-0.11
2015-09-17 12:00:00,64,0.0520680780732,0.0428554866227,0,-0.22,-0.11,-0.11
2015-09-17 12:05:00,63,0.0520680780732,0.0428554866227,0,-0.22,-0.11,-0.11
2015-09-17 12:10:00,68,0.0520680780732,0.0428554866227,0,-0.22,-0.11,-0.11
2015-09-17 12:20:00,62,0.0520680780732,0.0428554866227,0,-0.22,-0.11,-0.11
2015-09-17 12:25:00,66,0.0520680780732,0.0428554866227,0,-0.22,-0.11,-0.11
2015-09-17 12:30:00,71,0.0520680780732,0.0428554866227,0,-0.22,-0.11,-0.11
2015-09-17 12:35:00,67,0.0520680780732,0.0428554866227,0,-0.22,-0.11,-0.11
2015-09-17 12:40:00,66,0.0520680780732,0.0428554866227,0,-0.22,-0.11,-0.11
2015-09-17 12:45:00,62,0.0520680780732,0.0428554866227,0,-0.22,-0.11,-0.11
2015-09-17 12:50:00,62,0.0520680780732,0.0428554866227,0,-0.22,-0.11,-0.11
2015-09-17 12:55:00,62,0.0520680780732,0.0428554866227,0,-0.22,-0.11,-0.11
2015-09-17 13:00:00,59,0.0520680780732,0.0428554866227,0,-0.22,-0.11,-0.11
2015-09-17 13:05:00,56,0.0520680780732,0.0428554866227,0,-0.22,-0.11,-0.11
2015-09-17 13:10:00,41,0.0382011493646,0.0428554866227,0,-0.22,-0.11,-0.11
2015-09-17 13:15:00,63,0.101685546434,0.0428554866227,0,-0.22,-0.11,-0.11
2015-09-17 13:20:00,46,0.123999783326,0.0428554866227,0,-0.22,-0.11,-0.11
2015-09-17 13:25:00,47,0.143831418432,0.0416741584786,0,-0.22,-0.11,-0.11
2015-09-17 13:30:00,63,0.143831418432,0.0405149491618,0,-0.22,-0.11,-0.11
2015-09-17 13:35:00,50,0.154418968928,0.0405149491618,0,-0.22,-0.11,-0.11
2015-09-17 13:40:00,46,0.179901806016,0.0382622462155,0,-0.22,-0.11,-0.11
2015-09-17 13:45:00,33,0.281838420282,0.0310502271179,0,-0.22,-0.11,-0.11
2015-09-17 13:50:00,23,0.459630462294,0.0465337413553,0,-0.22,-0.11,-0.11
2015-09-17 13:55:00,26,0.589799221432,0.0517569798634,0,-0.22,-0.11,-0.11
2015-09-17 14:00:00,19,0.299999996735,0.066464767666,0,-0.22,-0.11,-0.11
2015-09-17 14:05:00,27,0.382683944562,0.0680687044695,0,-0.22,-0.11,-0.11
